puuid,games,contribution,volatility,win_rate
-77UUUhrQ7OpnoixhqxMEPRJ2r_tNT6oehOJR_TigVKvdvgjcwUaf8EfSgBkeMdCNZK9ZGl16nm03Q,127,1.0072181330511785,0.1045551276182648,0.48031496062992124
-8YlzIhTEdyy_6jjnod65Wp4rZTNaYMl2EzzH5UEQP09gdtkMFos51NCea4k7WWp_rfr47oFM5vLMA,119,0.9895742042561723,0.12226721165009234,0.46218487394957986
-IBe7k9bo6AYRJHiIy3VCCcBrsoeXx27O86Ue46cFv1SoXQ4Gvgzl7AlJemiwn4gcH7ExLbGx1wUyQ,94,1.0159948873753606,0.13047617306489165,0.5
-XdweYxuNVU-xBhIUaqEeztYNtk8wSVq7SJFcYgPRWWwkAJSil35w4lFkfb7E1uO7O-aTEln7YzqKg,34,1.063355852258265,0.11172271180589201,0.47058823529411764
-Z917JIBTnOmG31h8F77L9o2tY8Kql08rFms_EdEtwYIYGLh8B2NQZlu8TtuSR7Sb5D3BIiQJtoX2g,30,0.9983611297839043,0.09772520311451263,0.4
-hZyPB8eQM0Jt7hYlQXTnafZjqDU8WB7jNcsAD-LgYAfwd_v_Dsn1_k9xFFHN6ewb4mm6ZTi85n_Hg,154,1.0210009998812855,0.09435394876679955,0.4805194805194805
-nD76mV52QvvYirTVZqrlaZuGjwnB_6f-0sKVwFRcQvFmh9Tue5iQO9I56JCQthIoUp9n2L02f7UKA,40,0.9818256052682205,0.11320987737752793,0.5
-zX_vSMCfKH8Qts9FiY3e8WegjYJGZ8fn2iPmglwBmmSkYXMU9vxxVhm5F9sxLhay_o-hInOnOMhbA,140,1.0311857684113117,0.11545379166976626,0.4714285714285714
07T1sgAN6S0JeH3cIBCurZpuyU3-hPZzVyuRpra9UQnu82SBTAXJRs0pzIisO3Ngz_uZvqRI-CGiMQ,65,0.9858652757901303,0.08868294407013681,0.5230769230769231
0C6cqvEOF9C3USGNiigGinDglsJhews6EA14cGgfKdLFDEfcqk7CTlBg6GiW9YmGUTagyzFIrFWI-Q,67,1.008579315315787,0.10197982749509371,0.44776119402985076
0CDX1sFEXSMtcMUlLR-5tZenQgujPYYqBRH0zDkrdeaOVNRK35rliboQG_Q4jpzF5JCDFxaupDU9Sw,77,0.9743267409654136,0.11442149961444906,0.5324675324675324
0Ek9f0hLs2HDJwy0UPXwJ0cyjptLxBKyN_yEAQVghvTMXpd3yIs2_2yfZYMXCQ6F1g6CNdqPNMKf3w,30,0.9973455143866546,0.11955325305742782,0.4666666666666667
0ExP7kxc91DHPEp9rpeXhBhKQT_Hd5kor_76PB3mlGCkFL877GMyuDKhS7QSfN4HDmDBSX29hnB2RQ,37,0.9605200021071206,0.11454830104874363,0.5405405405405406
0WE-13gjkFZF3rOzec5pi8_Jj9UznoTisQIOxxyc8MCsgldbsmT12PhDSuK8kzFUs_eYk9oSygT7tg,51,0.947902705332804,0.0874545328569331,0.37254901960784315
0YTgaND915GGlWgHnhGIXDFbHOzbNAztFVkB8IeR6VIIVkm4mfFV_-YeGsvmzrNDBW5yfpcOOr5_YQ,75,0.9940778552665983,0.08730672281814057,0.52
0Yj7hVrh5f8mcUi1FtzVmPOksoBAUr3pBr3ULVg56jle-9iVpE0_A3dsp-a5RvhjM_5YLEWgOfGwFw,159,1.0169706285554887,0.10796692393482915,0.46540880503144655
0h_0AffR5Nl9Mh990A4qL3bwoztkPv5xEdFd5hpJbXEZsKQUnYU4V9xBZI2cGP-s8iWWTMs1kQO85A,136,1.0190270980301732,0.11110005182991181,0.47058823529411764
0jLdMuY1clmQxiSIoTaunTBkMQKUwCMjDS1xC3dcr-3UvzEzabogMfFyITuXkCpIXjau_DwD5jSr7w,121,1.0152694452524396,0.10723042911138722,0.5619834710743802
0xeTlAU0qgDqR5vW79_cXtoVVUNVRbrzGTO9sBOI-l4UxE2rij_CRzFXSWn9VTK_Zg1o4fDexHesqw,98,0.9118017528901093,0.07060323054993904,0.5306122448979592
14nS8xxD5grgP-xIR-mFEOhztWx3To9hitDA8tcxxjBLVPqequacASdEUzxQ3QRexA90YHr3aQpPVg,65,1.0129774478966962,0.12598209074033673,0.35384615384615387
1ENie03w4q-kajyhgCdJOmHHKHntODI-KqxsRRWgE553uiW8-iIms_gSPypzs83EFOXvryWenbbe2A,96,1.0202932771617659,0.1083699108071162,0.5208333333333334
1FAvL1iJ-IUo2pLZy3DyERfkS_UPasUeQf8UwxQvGJmFu6u-mVV7n3pcIpobkjBMP6Kfs3R6byv9Cw,69,1.0315969488923766,0.12297149830874747,0.4927536231884058
1GOTQF0wwNJEUNhIGRvpFp9A-Rv-nfS9CeSwtfMTXRd5DJsYPAgtJm8r8xvZ9m_a_9C5cT6UagcpDg,67,0.9652689311310587,0.10943207042603403,0.47761194029850745
1KWVVjby0C9VeBitpBQhzUzb9xg2t8I0gkKyRiMvzV9nIe5xqDIL-6inBef6D_MQQexp5CkND09c8A,48,1.037586163593743,0.13241978678671978,0.5625
1O1mxb1l1l8zpxLC1k6GHCWJZuxOqEKpVKlRWWFQbj47KD-r_3OlJ36dKXXM8XednkR850yLc1T26w,57,1.0638101134378646,0.11351631454459045,0.5614035087719298
1Xz_QSWX2B1I5TwF8vbeCTnqhVYCaL_brP4uW7yVOUteD2xkHA2NPCyMA0l1Ta_KYKPpViVB5RQmZg,82,1.032136118847487,0.103686837391432,0.4878048780487805
1gxIVrsa1zIFM-DsrGI2LzaIVqlwIA39hKi0TEyG7rJlGzMRm_KaQGH1FuRm76UIYh8dA93BSapr-A,85,1.0062096608976117,0.11252506857824471,0.5176470588235295
1n-KEhqsFVf3_CgzCXSbGF4NUn1yOzxlHbua6wn-hIhQ8GwINEFTaHAvRhTYtqGQV-KhjW4ltvn8eQ,67,1.0061392990758138,0.10598043947394059,0.4626865671641791
22D4Z32BNVFXziK9YlA3rO4hj8mQlxbq1R2VfLXPCi_Ir2BUsQ2vld4zTrFHWfEZVhxp0skyj56jIw,42,0.9962777570018692,0.11505595583541507,0.5
2C88WMtSKqRxPqyd_JgVGMUfM_nBLgMbElGnEaNHjem-kRXDSby7FkSB07PNcexGWuvzUzrZeQ3fCQ,118,1.0006482356646715,0.0843611501886237,0.4915254237288136
2ErjjqG1lBFLhhQmHFavGAK8h0qpAu_aDiDSielWCGZi_BAOIJb8daFwrbPzsNpvAnI42CyC7N7lOg,127,1.039280455152043,0.10810652267077032,0.5275590551181102
2IExQmesgEXzM9v9PaBvmBpJK72qYqJACYQ-YZ9s_fLEqlgy1u9SZaLwvo1Ei09hp8EbOsgZrY2dYA,244,1.0449952208156998,0.10827520536189074,0.5655737704918032
2K0mmBqykCoPa3we0ze0UwmdcATgUIJIPloFCtkJVsGPhKmWTOGcwa-Uo8Upnt0TOSbRIjnfmnwguQ,50,1.030551302557754,0.11462174340934655,0.48
2MaC5RVNtchwHXwDnerV-Ek9DVDIHxA1Z-csMm5X8XlB0lhcfIV7hzljLThnkaqjpgH2W00DgmQi_g,44,1.025337826131989,0.10863566711444882,0.4318181818181818
2OSEoOByyWzdF-7GfRv1pBi6WFcdYEbMTbUL41khpfBfGZe6w9K7mM75zX1O7jiB-fs1xBykfAii1A,34,1.0083558205022802,0.12241577568302982,0.5
36w9XCi-npXg0Qqte9R3HRosSxOUZTQaG6UETHn-vo4qLJ7XzbN1aS51hbLQ0UpJnTZfpCYw06huBQ,206,1.054922563979649,0.10352304740513373,0.5388349514563107
38Db75G7ofXFROvvTIOo2hp6a1CRSZmv9cQG5M2wcLVCBMdXx8C5qLBj2ngQ1lch4VZTwTMiH8UFqg,44,1.0539522573023594,0.09568507321297073,0.5909090909090909
3OQPOR8Nvc5LekHklNDN3h1nYuV5p5dRZDimIrOiZV7ChsK0_yleP2Ak7-9OiXmgmu-y_9pC80P1Qw,85,0.9557998572076619,0.10010121829995795,0.4588235294117647
3PV0N1WhJB_IY1yxcOAVIHy_k2WlgszjIeRzR0HVmQiuv-QOzx1B-w0jaBidjgOrYLNw8acjU53YQg,32,0.9854740165019467,0.07919316822175765,0.59375
3Q7P41w52-DKxdmak4dFoLAu3ZBWnh2OksZc4R3nBqkLIt8kSJPKLgiIMxF4i_NOVDsQ8EFGGm3upg,30,0.9884817393839278,0.0922392943583202,0.5333333333333333
3dvUbv6wgje11ZiCMXRFQRGI_C5brXhURblY-ch3PCx_ulZcxsXc-5-Ps6QEHa6jlnB47Z1BcMXVYw,31,0.9583774045844426,0.10751867607768761,0.41935483870967744
3jDPk_HuM0NdjADriZjlOwln6dv6PdZlvJKTLH3p54fKpHHomWKcV5ZLkkkh6CO_TVHfL8A5j2AawA,43,0.9777168142529813,0.0843765219569722,0.4418604651162791
4JwYzbDUd9g-T2Hvd3FAC3p8LopAT2Yxh7hsRzr2X4XDM2eWvOmJdLkGyAWtOzSJhcEUFpKiAhMqeg,57,1.0010917086822775,0.10991388742604918,0.543859649122807
4_XiAWFgYDLwV1w1tRpCYA-jg6foAw9kiF1OIhv2mFynExn5P9nUmde4_FBZo0eIGGXXDZbHNBtvMw,114,0.9582950517630031,0.0845888860749426,0.5263157894736842
4mSqJNuLXTAQqd9XqEG8Xfcx7NltbNmT43-jsgS9y9TGZ3DZobUCYkw2nbeuCiT1MDnnL3eu2SCK4g,49,0.9987481569482047,0.11341478425058982,0.3877551020408163
4pyn9fEih9sHD0MKt3FBYcg7hj-vvaY5_JmYhQAgdFf2Vf4vMbNoHQ4n6rinf5tu2OLju0o07ea6zQ,101,1.0011411598277289,0.09540949586606222,0.5247524752475248
4uuWmkW4xKOlMatim1O_k55ovS47ZbUMSQPsXeXWBFAfkNs2qlrEhJ_FXpq--3sjRX-HMqAo1Wm9_Q,61,1.0476834364622212,0.11273273407297736,0.5573770491803278
53wIvDEtQL1tGoRRtaDyJ0l7pIGKSVp5u42rI553srNJkmUG2mnKkGDFZ7Rz2WvL65B89Md9vdVGaw,38,0.9519688584377888,0.09486846982565604,0.42105263157894735
550_WZAUn_6W1A0AFEEGwXwLuoVv0i3dst9m_T8o6fn0KkNlCy8n_BTXAPzDH2YhgFPkubIeDYwXaQ,124,1.0406356610738559,0.09860517447847555,0.5
5K2DhK1ciQwYQGr5vWidjUwR7RPnhJIuUvpemPp1cscWRbTTc0tbLw2smcqTBEWs4no5vxv-YkbQ1Q,36,0.9998156418199733,0.09382561319710521,0.5
5LD4pi45bW8CkwP_rhX8lBuRGsBxfWPk8MkHz4rY5DRLrzjXkIkqQHuxIN6q3Y9GJEvThJWcBcxc9A,32,0.9906110009734896,0.07882621632812098,0.53125
5LsyLZsOEPy_9SS2hLSRxzMKwj6tKP0MKCK62Cby-70qbQQ1lQ2lKS2ASnER4F4GNUSx32eRd-yuLg,61,0.9720655797797323,0.09450649790494395,0.4426229508196721
5hzrh9q55H_mXk_dlgp-CZqGrB6BnyC_jJCdRNu4bOcCUHsXpxxtGrCAka5P6KkiZGKad4L3MOLRwg,44,1.0074916168692736,0.1058329371817996,0.29545454545454547
5lW6xnefWpI-0yAgxFDJyJSbZ6Dzk5w4KNlvl9aFIqijngtWX_3UruPLYahDUu6bDHA5WeweL_PpBA,122,1.074113090122318,0.10986652138682294,0.5491803278688525
5zT-ua7LqYvJuK4Pd1fx-gx4CtqTk-9GkLnWhe_3iKGPCjVev1bdDJmOyFU-BDMvPHs82enKUrBodQ,37,1.0763344814872382,0.11880236698122759,0.5945945945945946
6KAITHM4y1UvaDYoXP5ALa5xm7SxOw4_GE5nk57wSxflDe9H25SRLiry9RXesNDVLBsJd49dHVxOtQ,151,0.8989720169459003,0.079171443589904,0.543046357615894
6QpsUWgkiPJEEwUEYX9CkqZh25DIqIOf6n-ynQnbv6W9D8nBYHDXdjdwdx6H4NFst1MjDa_AS9WjyQ,40,1.0256203757657683,0.10399349863453092,0.6
6c1ZinfemyMCWfZkw4IE3froYQuVhb7_p1wO8vILTzZvReNGiTrXfJARwJ22MAbcfF1-B1gYuqPjQw,42,0.9924384463318289,0.11525649936407498,0.5714285714285714
6k_ODTD1HviCymMiuPT_MGQAf0EehDqChrlH2Dw99cpo1yWaoIcutyNETmFrTV82JATkp0HJDxlQlQ,37,1.0254077366270924,0.09886443724277048,0.4864864864864865
6oqlTCOjfOwEr8IowJr_WxCkDdr5vAZBMWEU8exnfvqfp1x-No-NniWn5MCc6g-yAzL4tZJVNElbQQ,157,0.9643420222997555,0.09816945559406105,0.5095541401273885
6qmaghTj-UCM4FuiU-W2TxC_CNqikTzd4eX-mxGc4o8Hi4nhwhNUPR8uKky6xWc5pTM6XBkfySCsPQ,123,1.0559680467838963,0.13061495044645308,0.4715447154471545
6vRl-fizVtQieX_RnXG_0apibV-0Uus6KmTA5E72lE2QVi1_j6mYnfFICWHze6sDVLWMR_U1GkmCEg,36,0.9853304209118033,0.06264189210946867,0.5277777777777778
78DS1Zgdh4cCFE_tPz6jP-ds7fogrW-GGn1ecDWTQL_56UGYtS-_sdak9bsMHmt3oNQc-ZAmYrdTow,41,0.9851912727609338,0.10306222077577447,0.43902439024390244
7B_pgto1GCXIVE0A4PSo14xaPSZcIyUF_s1cy9hQM3XomOmrPHI_17myu0dGT0U7J0hk2kpGmvuMgQ,71,0.9699650338403804,0.10074745237089992,0.6338028169014085
7BoLCasOuAekl3QdloR6K5VQkmUsMAQw20_9Fy4lG4akgufRMU2zspatgOkkUB9opDVoJR5hWdP_MQ,83,1.0151969459068195,0.12069520119826313,0.4939759036144578
7JqsrO9FndX0f9woiNk-OWN9jfHmZaxOQ7FsGPLaxgd1l1NpgagCwsq5KKa6FOQpA2A30ZZrWxt5Yg,31,0.9825481475924572,0.10104763152201833,0.3870967741935484
7MjKPhlHyjWMu8KX4EhQB2AaYtAs9bVrUpGKBk50m6QKmb2BUfXXzy26xjPf1a7VgIDqpavM9GPynA,89,0.9650565379463744,0.10772696443805423,0.5393258426966292
7Oz8cBGpiP29ZH_SfUzVqU7_6wknlk1dDbtZQIC8Urvew5pwLukRta5ykCIb-8HsYSkdnsGrIJzJKQ,30,1.0155157474340615,0.11463256189779361,0.4
7QsMV9KXCaNqmdgNZCGiaByJ7Ds5yfi8HQZu1BW8nPh04ANngCc1XF4ssVA9bvm-WCwJQ3EnM6tFGg,34,0.9934995426633655,0.10005996769566158,0.5882352941176471
7V4mv6CX1rAH5s7HazML38IopkULJ72Ya3BAbQvOOhE2Hyj2WlrDSwDC19ihN-K4WW4q1GXE-Ztzig,103,0.984698594042561,0.09728295418222664,0.47572815533980584
7WMPCEm4VMk9fGsnzirUTJW9D7MPlrCBe8mvwuLd-ptWJU6c0tUPOMeekbv-oow32v91tAfZFhhbQw,56,0.9832950217360804,0.11809700662742882,0.5892857142857143
7ZO9nqtIIWYWwSBUNcEmVeRCkibXvX-1163NVLMuz-fuq0wORVLfQBaAVqjyge_pzibpb5eNW1kkng,67,1.0308714497798341,0.12717101667467182,0.5074626865671642
7f0PZETLPSsSke7X0D5D73gsHFkFyUK_L2v708u8Xn9zsBZZTpQXVEvaGbo69EZIMAUtIjLncQHVVg,39,0.98203817808519,0.1122487193343908,0.46153846153846156
7pLaumpVsNoi1dl1zRwFbb57Hh_rQY1hVtqXYIVmS9GgatQeuELZnVJ8wYF5wvQF3JBFkZZkLBfSFQ,143,1.0220267897076951,0.1180923589844769,0.48951048951048953
7pVwTutPVZHdDzL1lqjU_OSkJUUaakSF7DSYy-L-4QkYVaMhmPrEtIQ5FA8rDf8mqNHS2FWmzNTuMg,191,1.0073119904569106,0.12463244581801804,0.5026178010471204
7sk2CpH9lpi7qrgUmH3DcHIUkobTSUT54PTmqc9USPv47cQG6wox9uSmD1VK8EMp6BWXmpYrfGPZmg,74,0.9026811254604631,0.07209642915104952,0.5135135135135135
856uNOES1XMq-C4BrPKAoFCjEjwo45TV0gTFRNyMRqsGihhOxu4nXlRIR2rrnThz7kRe3UrbrKlKZA,58,0.9934019680258532,0.12631847009377628,0.5689655172413793
86-HwcPho52XswLpMbh6KyNk77bM3jU_zKS-bIA3RGo0iT0yV8DIeNFmxhbITa6I0tGsPBo8Ey17dg,42,1.0247923357616662,0.09402359465107937,0.5714285714285714
8NVmPXy1YIUOGoNCSJRGZoqT4G-FR3L10ewKneJ97pqa5VwIomrb4KAXQ9cjmsaesUfcvN64kLz1bA,56,1.0194780397624235,0.09855750537571425,0.5
8NXGW2dgsev2n5bOnlvFFSH_YPSRktg4Msp4UZZeRByi5v_iQ01fv8NgPQYQ1C8cEkSi2fyPNmdJGg,32,0.9992683710858221,0.11371008256524298,0.59375
8QUrcLy-VQ3vrwaAXCW_YnHvDJitGJeFawrrmqoG4J5NkukAcgXwfDm5scdwIIa1PDqnYyIzwrejOA,60,1.0336756495604882,0.1069982507652566,0.5333333333333333
8WOF8T96LSg85-oByK60EPKZbNR6k261h8ks1iQCfsNNtd5wX7Tg6U8YCjUZdr3vXouKy0MNNeqqhg,137,0.9885547143079828,0.09643137487877891,0.4306569343065693
8b1aH8O3P8YLDSKr700hDD805uurZe6Lt0XvFwABM_lXm6YzUzum6hvDSY0pACufC_dHlRMsMXrR7A,55,0.9851417863026372,0.10459982650306551,0.4909090909090909
8k0xPrRgny34SX0o2S-S8jGR5UYKDi32Urrm0TmtVj9D9TuCx_-gCSpuR-SRAhp9CsLg93btEbabHA,101,1.0188824526937275,0.11294113329476561,0.48514851485148514
8rAjYoa_nSx3wXyVxYCA_A9MMtp3xdgYzfsLi-it9iJYQ2zgbzORQjoCqCY1sKOWujmnS5jEBFwS_g,260,1.021801854561521,0.10479307198968323,0.49615384615384617
93VhhPTyUR-dcK3rljbTWutakxGllcKlxsa-WEhMk9i1sIC4pgmj7ZV2qww1WT3LecYOA6lohTUJ1Q,86,1.044737891891335,0.10686653161750624,0.5465116279069767
958OxuNI7IRwUPZHPt2SXSGtfj6F9hOEFKtoBtVUYkgeom4pcj4AikjqsVGgBuBLCCL6zEyMBJC7tw,35,1.0225355731766537,0.10993301925618555,0.42857142857142855
9BCkH87pDAGMykpxwwOz-D7aBdbwIzMhH9hLP9EdLIdgMoCdcBNtKEfF1uVsvAKn3ixA7ioENZ-NXw,56,1.0263944593219685,0.1286716567761904,0.5714285714285714
9HN0Pr6xNnJcSqjbHmjJ_kHRiIRcIR52zJrYQnczUhnZ087n7s1WzSXgl1H6N1CAIFoyQSAhotPYJw,361,1.0156536192370422,0.10460349629718409,0.46814404432132967
9Jsx6rNTWjXlcgSm9qe_n259Xgl_HurdW6dP6eVIqREHCWKERzKsDY7oBEbMH0seuvKvXnX0pi2MYQ,185,1.0239100653803064,0.11027701042523655,0.5621621621621622
9dmwwwTsAkU2RoNdufze-rKHNk4Hio81w5LjIfN8B9JBMpfECm1GKciXv1voE42JJiKCcInwjKi1qg,38,0.9767546573870768,0.09502533217227302,0.42105263157894735
9hJA5KMfwEiYIMS3nz6haQwh2OmWjXhNRcoLR2DL-ot9ELGrQRBuRDV3wHV5f2rKp03PeYLIifntJA,37,0.9762173520994264,0.08977973624677325,0.2972972972972973
9x6ZbKVAJtBhjKaE410WXb9rfPNJYiIuni-TG1pcSorqv32iRNWVnNagoQR8XvTjSzELXm19uwi6bA,50,0.9940013714116068,0.09911611021492125,0.5
9zw80spA2IvLtHtBi10kKgoHtrmyWkPpb4r05tlRrS65QjrUPwewd9bASx99sqkWrJPtgxsUmcn3vw,41,1.0199882713563688,0.11515284183584219,0.6097560975609756
A2asT_1lq3jEavx-slT2y6X_or-iBl6nbQ2pAzJxOhQa1ewtFJAuiPIr_VXIY4muzQ05nSwS155y7w,56,0.9754187315677948,0.09251941236767396,0.6071428571428571
A8jrTDHq7yGMiYmzxVX4WDwqe1vlcmcuwOgyYDIMSrQXkMaRBWb7gR2kXLSItwW2xwSq-ftZjVq1-Q,66,1.0188938901038207,0.10317841304426846,0.48484848484848486
AGEfyXjWHNEWcPoFf2X-JiQjul_LcJVH-OM6FKQ0SJG7lfzylKPw5g7zaIPGDkXxRFg9AcgnVqUR9A,73,0.9993885307236845,0.09534239906859975,0.4520547945205479
AL9ZUR4VaOr05Ec7LoYDVoVPvzQfRv9C7XgKHg-nV8kKnyTkPhYRzTSAhjSBRnZHgLL5EmiF1rOb_g,33,0.9516749645380467,0.07203771139365896,0.5757575757575758
Al_ZJtBZggGFBbNPiOkx50vZB8ySa5OqdnfD9FeTdrs6rKkeJ-cNgB-lV141zb3eLNz_I6_IykHY6w,75,0.9822584721508396,0.08355640950524551,0.48
Ar9E085rlV003BczgcokNoBKJmHzCIJl9dzYIMfH6koJHBte2rqX_meWkeraXC970Fy4M_xE5Nu4Tg,234,0.9917486782664093,0.0936627363199682,0.5128205128205128
B2_XFGwy4OHvniz2qGEXOGWpkasQbjsMDtT1-WRB98ZGbHjdObt9DTVyZadsN4ZhZyz0Kecu0jK2hQ,56,1.057476190854236,0.15013794395476343,0.48214285714285715
BA2YQzes9tRmspm8YfDvUXOt5fEFbzaffARbpBK0WbOXmcH0uTtwWg6s1-XHPcuzKMMSSvAfBRFaNQ,151,1.057053554561161,0.10162694374993132,0.5033112582781457
BJiMFHww1VFIsl-yjVs46K1L8-CE3KC0dWLkZvXgcvb6cb00ZcbPwhk_uLzkClZvqAZZvJeGmK9jwQ,52,0.9781776440431995,0.09505452383390128,0.4423076923076923
BJuyu16k2P6gw2lMk6I5mjBCLqMN16qI-56AJ_UjHJWrrhMooMkZXqLg1Mpnv-MDmYDrUSuFOqjlKQ,32,1.0132227025281872,0.10409041218709777,0.59375
BOsrR5OT3hqa9Ga1ckb2JomNerWzEJNGxH7HJAP8NNF0mJj6prHlwWMuTW3EvlozWIcTgwEbq3VpuQ,184,1.02571345711658,0.10913812752969917,0.5271739130434783
BSxA2YVdsUFCGyliP6iGz4q17ZHjEe1P-Q1cfpD-p8z0IcatEv_bOxBbkmvON_SRjrt_-Dme7mIgoA,67,0.9715713198484811,0.09775687378713714,0.4925373134328358
BTt_A4ZzxOxQcxiFPix2PoXpIKJYa3euT3zvl8AMyDaAOvti1pvnP9zYVyTK3bn3xErIKlk2EFQBXg,217,0.9884190040667346,0.09015444845886313,0.5714285714285714
BUkhoM_dSVdrYku2I3_PqE6OzgAjvqKDPlRB35DFJ-46-iCMT68M7USNagMSqtIX1UphiOfOQfqSpg,46,0.9701318329565926,0.09795157907389819,0.5
BZZNuox6jh_UU8sghUOBPj_UsXAE2hyW_EEKbwUgrln1cEP_lasPGVvV5sHSx3p2Ityto-fSa23vdA,62,0.9998681021642425,0.11081507213358144,0.43548387096774194
BZjrlsn3NZwPfuH49wB98bmfmOskdEcqINTrSVdOtF8J7ZdnMuvAwu12dbrVDA-2Mh2zC3xNzHbQdQ,32,1.010063192329626,0.12243433628761578,0.5
B_wpu2Rfpfdc6YMRGCQXkiOSj8O57joLtlmsPwJ5LhXZHXoeYpXaWOwmef1ZJMd_EuPegDfwuGC8ig,89,1.0280893317985866,0.1387189008967002,0.449438202247191
BhxUUBbYS3B5bgNIjs_0QuEfbDBOmDP6JZaOdK-4nIpQl9odnPUfC_S8jr0EJcBzl70kXEvQ5szZzw,234,1.0784153669277872,0.11699349341430644,0.6153846153846154
Bl56JSEuA_lG0t1uxnI1x--Q79YwJ5Yj6j1YcWtNdrrBsqp00dnYNJHaE5Mx2_iGAtp8WEnFmGSLaQ,364,1.0096434575773514,0.09911156920231333,0.5824175824175825
BwO3zwzzmfpuxQP3u3YEwmKIZJPwnrhYyF0k9EGUIc6Lzq9NP8MBmSkD_fa0cmeJHxL4ZgzpfvvI9g,80,1.0371581498495404,0.11862839696979835,0.45
C2F4fY1Fa98-Wz5TvglPVdGqLnmS-kCIie4x2D8fGZO6uLOs05_lZ5sXgtFLK031wA_1_s5qlw9cUg,44,0.9968315766102929,0.09821263949432837,0.4772727272727273
C3KgapaFd6IAQ1o9JFTiT732jarrBiXtYweAjyjZioq8J-7CLcdknsFYHnheRNt5jtB_xksoRKSI0w,90,1.0561796772167957,0.11254641476010983,0.5444444444444444
C6rzxtF9ePgp1fOPFxefl1aqtV-XwU5PV6Y_LjhZD4oZ1xuvWBzci-abQOYliYTuXJr22pfr2XDHiA,39,1.03198033130038,0.1025944053323034,0.48717948717948717
CE35Up2BMsG-R-nmoaKgnKKIlUxSmLlBORxmbe9ZL2-d4_3Y1lArP9PygTB6c-uZjE1Yz-fsBLe5QQ,48,0.9945430328659585,0.0940903257338092,0.5208333333333334
CGpO6szwO6Q2NuXelTC02985-9mpZpKwGh1B5IjThy2-fCpy-ZCxRBBl1Uxm2GvmwkqVSHn4M0_TZA,77,0.9754992286405303,0.08959894899576838,0.5454545454545454
CMQh_Zinw2JVOobJ47NU7BtGbsrUTNykkrvRikOPwxLNwvGd-le2MeSJhUpucur3A-z3Xr6LpLytYw,89,1.0070672358727435,0.10629524048899716,0.5056179775280899
CPlMrwmj71Oa6LOSxCupKrFWb2nafS_kf5xwwZGdMzJRyRG6GwJismSuwEFGd0y42AlDPxT2iehojA,80,1.00566315418618,0.11451429113634501,0.4875
CSqlJmAPT7AaP4iEDfmGHqE9nrFX6K2KAc8jQ5Lxju08n2lnkzumv7KcKgtJafvwgDAsWhue4CcwMA,67,0.9415303434154495,0.08170633481704029,0.43283582089552236
C_XL6a_N-x-ItbAaJCTgJuDjJiJBDL__P2SBVU4pSdKSpw4xL0uQKgW1Yai58AiPs8DGtBCHB7no_A,113,1.0123093806927044,0.11253811189162866,0.46017699115044247
CbLIEFCnZjojYJdhcd1owDZU5kwnShJWfCVDywfIK_nrJsOU19lQEAbXVw78Uu0FedQ-hVDKkYSqag,70,0.8979366743216968,0.0747483371218688,0.38571428571428573
CjnxeaWjfTZ3BOvV4fhobDlQUqnxOUVhQc9DJt4TY9y3X5WEbJS0DE3JGmXi5qh929dgkD_c3bJAlQ,49,1.0450058604945767,0.13007800787256915,0.6326530612244898
Cm3HIFHFQM3h7MVQzios_YwBY0BRE7QVj9jXqF53pyZO4FLNtRqYJz3CIaXzO9RpDC0xhFd7brq_ig,45,1.0139423341053102,0.11687945011718051,0.4
Cz1urSExngA3Ml9eFfmkauUQ2-9MVrT0dI_DFnjZsm77OgEOLVlX8tJDzBjPndT5bqn7uSSeeoLK9Q,46,0.930433162814223,0.08726802282014649,0.5
D1Yl0FZRW_6Hrha8y2b9zIXpwehgsqvYCTvLxdz0BtUckxfnCtneKcloxasTLGHFPwWR1fM6LGLeqw,58,1.0117836220548555,0.10558676998204695,0.46551724137931033
D1frAyDha70ZV7zEWKY8bwcESxCASun7kIlfJpgIFDT1ONVVcDn3urpwT2QrsESprxVQN_jtQ-xB1A,31,1.0309585455677188,0.08050697490886168,0.4838709677419355
DA8-N6ZT7Z_K5DfIh9fsLLIL2ZHbgYS7B6MPpRMTlbt8E_wQPeVI-QGqzNBlwcysV4U5sQZYs3wI1w,190,1.0076850870679308,0.09538333018826635,0.5473684210526316
DMGtxcbjyBIjS8KMkEawMApRTPa0O5X3JdX2rTyddl05DCqms4ZA7Hhm5MRZTH96PEkw0npazlvQKw,145,1.028119189379459,0.10982041921044304,0.593103448275862
DPVOVjB5r_FUn2SKF-wqTau2Qj6fTWXY5gKyNVb_n0M4CnGCrZuC4KJh8slzRS9ZO9bSuY57dLYpgw,44,1.012694294600376,0.12331279690236017,0.4772727272727273
D_E9cYico1jINlPOVYnWb0rQp-vQlR2J_ESEgvRVw_weyGkVzn1BeHnbV6rnW6nAyRSo9uXheL7Ohg,54,1.0240317663413854,0.12608861106948252,0.48148148148148145
D_ogqZdx8VVfKeR76LFNGM_SuU_wbur8XUewCF_j3ppmEXz02mLVnRoU5DVQZKgUlx5jKwX46hD8Tw,169,1.0433660433874348,0.09554951960566174,0.5029585798816568
De2eUd5mdUarfMz-POAlSWtuCIC6_abpGhv8yPZoSAgrnuSUCg_1cv4yoVYG4GJ6Z6dsyVjufc2uiw,47,1.034279074613984,0.10544658786273985,0.6170212765957447
DiIRvAeP-l1qXvAUh28HTQa_A5Y6yqb7wj-gPzx5fAf4ulPrNEHugoYYA8QglwwAeV6zixRcdRuXww,254,1.0252223918655272,0.09794627167140638,0.5708661417322834
DiKdpt7_SRmdjWUMZXX6iXfCZmLD7bIp-iwLI_jPyeO4IS27LDiGwW9IfUt_ul3WzujPUiExY4D2Og,91,1.0604849462027115,0.1106588145131735,0.4835164835164835
Dnj7MXlZJcDChKXyHvSVWQceCDgIxwRzsYeTKt9f3sfdjuzguRqNIJnLQ9fXHtTCnodqdZiFyg6xOg,51,0.9269530639822241,0.07896788147264441,0.45098039215686275
DoSlrqoqp0_zMUj6qavi5JGvqUsp3ztRH3EcE8rn6t_rXBDDtSB67XM_IvE4l26IPRoeliqSR8om7Q,36,0.9675854725532427,0.08929726675098124,0.5277777777777778
DsRkoJgvdfRM5uSS1E25NIAmx6IlMeQ6x2xwfty16CV-qA8EMawG4uVKBbMi8VzZaWlcr8c8Gn725g,32,0.9703129225062701,0.09442290241793978,0.46875
E9tZ6G_LXJC3ufFhRGdfirU2kmJ_bKxmaEJ__2dNTpOvqN602xOQ7C11YwhesQpPkYRQXDN1C_HlqQ,178,0.990526570742871,0.10613755079787748,0.550561797752809
ECwYSfImKuFaa779AsmXVrCOmILWIqbP8pRXo7G2K_BZgamqCsOKjE20vKbqcYKpi5jLzMMKmQmhaQ,58,1.0245925578425479,0.12132856761095233,0.5
EJDJ1EEb3vtOGDYzAwFjBpUjLd72nMIMGrKYTQRfNr5GVqvpVU3EpPaUgDVaIWlR8Y8J3g4buzcZvA,124,0.9040708316124298,0.08227103440822141,0.4435483870967742
EWKgCOR7mmw83t7KwKrln4hdgF2pJZoiDHKQ5aLrWCyLQ_eT_K6rAm3kRdQ4zSwKlKvD1LsyS6VmMg,154,1.050792895117348,0.13217732897182516,0.4675324675324675
EX8zeQRRdG2z1wgoL5oSjcNetrY1nk1_2yy9oPouAeEbe-HwOUrg67PPvonp6PIxDB9zexF4grZn6g,42,0.9953985042209015,0.10256687109180118,0.42857142857142855
EZo9fk9zJfB3Ax4cBHWOli3v8bysZhOs6L--lmCsaAaWqV-c6LvSQ8qJEiLMR4_lyih3_ZORevycUQ,34,0.9779383332428473,0.09310678246979881,0.5882352941176471
EZuqxVwgxK_2ahn_0efPaFbt_ii8oXMe-Ms9ORc2S6-8NygbPPiHlGInvlHL5YbpF1kb_zqpL6zMSA,41,0.9957969567465115,0.10469354400537662,0.5853658536585366
Eejml1AHjkPElJTNre4Xlc4Lo6yqlwPIDzSPnF3-9mh2DhUgDnMkR14KrS0lA__lkm55gwSGv2XGKw,36,1.0017513703623413,0.08535956059496316,0.5277777777777778
EhBkKtGtBW_xt5lCPeJRQ2ormrpjj_rk3gwniyDj1wAnOO5kMnBNyJcEKJO0obVnqOtzOSs5DL3RIQ,70,1.0025271091610666,0.11160710111272944,0.5714285714285714
Ek6iyFdwcoO1nQrAzMG8-fjsolRfNT2dvTCbr9A6IAAkTY9FEBfY5NPd0M78Ms7eJzRuFZBDOTCyaA,67,0.9649286868437057,0.08646789692078387,0.4626865671641791
ElujwdW0CU6o1wLXA-DbTXR_PeWd7x8LZSm8ge24xW27LmojUgOM470rGxChh23gt32oguQqAEU26A,90,0.9922839499906448,0.1074379237794664,0.5333333333333333
Er6NmudjLAikmUsEDVUdVjt-lS43SPFskSK1AUlYHkDPJ_ydOkMRIrACPH4Z6ArvifRq9K9FwVMoBw,48,1.0269696846952565,0.12612112567994563,0.625
EtsneL9NHGA1jc4i6TWI0hzv8nhtGoaWf4sREMwOABt2GQMd1pUjW2g0NC91pZUxMEj7uGvSL7PHYQ,300,0.9721722802290429,0.08691007341464885,0.5033333333333333
EwFihaoL5-Vy8iOsh5J23sBNqKbQBGG_Tw2RF3z4Omioky1Xz0--asR_ftIwVV6ALGqNYLwQPiyduw,63,1.0152756006549968,0.09707200139902426,0.49206349206349204
F5UIFRzWRcDNcpMvAYYTaOvV6X3u0avg_Io9-uJWCG-CeBGDXGYLGZWX0Nb_zPge_EhBWDgJmArfEw,303,1.0194026597149535,0.10698479111817229,0.5544554455445545
FBtxiFuWrOtJUbciefgXw4sI3srIuHaa3hiGTCs_L8uo1YTFQHGww-UvIO8q2WNgOUt8BZlv5946sA,96,1.0148118930000118,0.09203999544950522,0.4375
FF82rbHT_r4dg66RUBUYi3dA4HoqvJGrXiM65Y5oXJfhUZB0oh-EFIvIhBJJlWIm_DcqvpXQNN6LJg,77,0.9617970797154036,0.09273030019083287,0.4155844155844156
FGTUu-GzUyezo3z7G98oJe4qUwG10ldN5fli_tPdRiZMIRvnegH5EUgMVSXVZ94mTXJmztwYYIVwaQ,37,1.0028475622406177,0.08632748198772572,0.4864864864864865
FHFyByO3HLCUSAE0fMbXxs_LBHnVcMtcvzMN3aGb7h_aeVQRakEmF-NNRQQ9AmblmJhGZ_6Vqx86eA,30,1.0404899953868676,0.0896060257210669,0.7
FIw1cQvbHDLuphsJmX9iNQjzoHxRvnkzflwjpPn_xwcVxY2fwlMaEOkXkWpMc-Dzgzcf-weGMH613A,33,0.983487785985237,0.08442239974368167,0.6060606060606061
FM4evKrVXUXkktgVuc6vj1G1oOUIlYhEb8grwcvM_ElVICW_UN1CmmjqIOKHrS95YTpe0SqRWpNXgg,33,1.0322469358693291,0.09911205103707277,0.5151515151515151
FQuUC4X2kGgnmF9esPzE0inVUrfMHKNXDzD2vC4ZhtrmmUAlXb8muBebP5gMqbETJT12Tejg-kNu1g,49,0.9905638952724131,0.10826360031008214,0.46938775510204084
FTKf0W8UvND_Yrmg106xa2YkrqG-7zk_cdIbxskQdccwzniDmzuOsTp4elAseUBZSGHzlDV0sBMZHQ,72,1.0389760638638779,0.11736855470312815,0.4305555555555556
FXmDcUK1nvouSgXGJQ2KzNsrjkOwRlZ8m47Mf6CP2LGnG4fZS3ZKc22s_-Yiejhh4epoqh7b1jyy-A,74,1.0122945138883304,0.10632012810505899,0.43243243243243246
Fdk1pjpJ8TyrwwSdHTdcOXWf9gVjvS3zemaWr4XQX5_R5_6TWvWA4rztCIX-jdeCZDoAttbjQtjDRw,78,0.9899711918123273,0.09073507529151914,0.48717948717948717
FfvKgQte87INoNPxraJPPos3oxTPbEBqgsv6cbVBqq4ERS83yodeaLPzRVgz77dylS-POTg-SG_hLw,86,1.028818311080018,0.1267644088487926,0.6046511627906976
FkFrZGOir6_a2dugMtJTwCMXKYTYI3yvVeivCsa5rCsQqM1RTJDVq97AhpJ0N0jbJ8nnE58zs_r5Fg,46,0.9592967390613185,0.07411641341093185,0.41304347826086957
FySTXZBG7jd8d-iOSlqHfYq3fEoByl4r2maACtm_UXV5UeMDHBwvQyJy2yxA_Q4S8T2e1edbuVHgng,85,0.9836036447325828,0.10466752213344618,0.5529411764705883
G54r1RabL9abswo3L87iY3Cpzfo8S2asPHitoi1TCjWyNbzdT8uLlZogYCdjzivKmg8XN_ee2B2jTQ,40,0.9214276993146135,0.06565575638243491,0.625
G5JWnqKBBZWxO_naxGlLnHHCWDuwMSCHnFIg-Tah3l0Epyl9ounFYGXsDPEmWuOc40N_wd8S9_uG-w,232,1.0533077549672174,0.12627438625026544,0.5086206896551724
GXK1x-l9HEndpx26lh6ztWYyWYYZC0wKAA9wpcffjOIeTNuT_PEAZuGYfBEWuowj7Km-MyFZrhye-Q,94,1.0086453739594585,0.1059062641981006,0.425531914893617
Gaa3vixaqiL1llxqiAZHvcA9wn9c9Xt8lB5wYK_yks0OphyJTagBW-dksuLBvj5bSmLiBjJ4zeoMGw,245,0.9804561804502592,0.09350509820697168,0.563265306122449
GadPxdruEnnAHE8ScSq5DGqT18mGZbi4e2GqcOS0_F6KwK0uosSJXMEypfHOAGDdYHSdDCfkJexpqQ,69,1.005374288563562,0.08685173821980034,0.4782608695652174
GarTfjgOPrzFg4QNk2ZCXF17NwZaT2mBleTqXsXok632_VBj43Fbhrl4ltK5qOChudu0J-1Uu3mwzQ,60,1.0196933690305945,0.1177666039861449,0.45
GqQTgm6uFZhKWrThfkLjIP3nTs_vMfj4tqk_ICkGDjaImVerfohXbPhnMmnPBdI-dvjmprUh0lFXpQ,78,0.9521865848913177,0.09337705991713634,0.4230769230769231
H2WsjmGyeHwFby_g36tkuRh6BZlfDXgKDjM1XwPIi0YPCnXAOSCa23mKapkQWCV9pZa0NACq7BBe3A,256,1.031201044234233,0.11256034496770365,0.53515625
HH4kk_igp8LQZnPG7fjNVNCmV1jbe0CXxfcxOniE8LyP6NdnQhyJpfQjrTvrnqQJvJpjhTxxozKRbw,217,1.0373273797061724,0.10281374713996398,0.6036866359447005
HKNAeV1InsOhqf-Nu-R-NFac2AFZli2vDHriuAAIiZV3fvWAfo86JYOPt_KNM3nx3BqEzVHmKDGSSw,93,1.0141198626769716,0.10249098186620047,0.5376344086021505
HOyMU636BG809U4jz9fSqIM8JqVySX6exHXjK_1F5o1wly1B7PRp7ojBFBazEpJpDTMpvZedNNHbrg,68,1.0271362163905007,0.11321873742721397,0.39705882352941174
H_FtaVxWt2_PRCjw-RxhZ6gM0UHwppx8mArxd_TaB7A_emN1LuYdme-bzHMVjP8uwWGqaEzY6rcB4w,106,1.0139984553645713,0.10137341555350571,0.5471698113207547
HnHP_BHs2pj5Wp-MfwcCKHFp9DWtDdKgxu2GoJqdahMJlNrViExNR0SMAsoXHIwoN2q-NnVt2p5M5A,63,0.9872961700196173,0.10600417154855613,0.5238095238095238
I4ggT0HiDNwFStLaqzVgOZq4lcXYXVOgopfmm7vbTT8yXKPu-kDr83nDFxAzbckeIRdvQQVd6r20WA,42,1.0052910785353046,0.10984493447977936,0.5
I9iXx2ebbhnfei1OEDCkjc1NtCOAT_bi6j5nADaxxoJroUTBe-16_wH_6hl6LGmye4Vabss35Mw3PA,138,1.0459458913409052,0.1148418579572226,0.5217391304347826
IF7Dk9pDqiP5ohuSPpWqhKSbnpdPGiUH06_KeMXuZ3Tv0LpLNe7Yis3D5ZOyKnmQag6oIQSPbtxfGQ,31,0.9985441801971099,0.07356976576658533,0.41935483870967744
ILDJtB7PJvU0QJFXeek7leOfPAu-nAJaRqVYcJOPIKkMB9-bQVmVnOxf06sO2__4BLt-aR_JWwR87Q,40,1.0794047757544698,0.1568313283290296,0.625
ILMsdEPc6Xa9pCAetnJIJS2sRqGKu90a59eVCranW9Z4In_0ypoxMU1bXXfJEPZRXYU7bue4OPxT8Q,78,0.9768130166756183,0.09105312573312395,0.4230769230769231
IRW8RlRkoFoTor5A-L9BUB1XdFQvCkWlI4cAxJISqY7sHR2_nPAod4cyy8vsBaiEIydVebMUhQeCjA,41,1.037678791896221,0.14525486443161428,0.34146341463414637
IjGFbPdrTdddYVgSbqnyoCkZ6WLbC_U71rt19SCOIi-dvsA-mgG0LPGpRDlQdyvOZqg56VpUefUzjQ,176,1.0304275525873208,0.10810000246266703,0.5909090909090909
IkuVuTIpLrB-1n8p3RKbAMjGbnqTrMpxJNpoxub-9DUijFgzswf_PE7LmJtDeQ8upyAgvIx__fj02A,58,0.9158155134804776,0.07067426738573894,0.5689655172413793
J3d1FF-Gg7hZG19n_-dXrw7OuILJxEVu3fnXORUiqe0gnP4lxM5PGPRpLKgdV1gfXOidCXnAnMX-aA,108,0.9758847764045201,0.10656620727834266,0.4351851851851852
J43Uigwk6arj2ZQReL5VcO3DKr_Tv79Np2JRj0E7wxsc4JF2Jjb-JjzBIOLhDCE1Ma-KJ5uAsefVEQ,42,1.0071169534053006,0.10459665470892908,0.42857142857142855
J6LUJ-1JmMQK7LSpEFz8k6hTmCxPG29bTVX3XJ65Ha3TbmorciEd6-Zoh_FcWRbmSGNt9Tocs1hrrQ,151,1.0228061105959905,0.0953475074462908,0.6158940397350994
JFfqh98Xjn9NT7JmUnWayvCa_MothKkgXsg12tl5vN7WqLQ29UqWTxBJfKINbWF2sloGweI0hrP5aw,106,0.974787655144915,0.09522472903859655,0.49056603773584906
JIDzUafPnUM5kM8tyIMOsDFw5Q56pI4NvobrpL_H3JxdId1d0-O7tEgkd1ArkfpJubXwzHFwuYljzw,91,1.033079483181828,0.12285848291613082,0.6153846153846154
JRSToCe69po8x75rF-YqeAQm2cIfDcNWutxNoSKEYEL8I9gUsJGZXqFSuSYySYbK_8LbnH4yLFHHRw,53,0.9610238315384692,0.08236908378297124,0.4716981132075472
JRoyw2RQS7vxG2-XdtEv441PMwL2fNqA6honmfHOdi-2o8U2jMGyQYowGQ1-iNftSID8st6cFF8svw,395,0.9856979197219463,0.09466234394361185,0.5139240506329114
JbjFMcBp-ELHqqsB-t99na07xu5rYjPtZFkI9FUQ3-bKw9VuAkVwuSukUCwe6X77trfm5XelceBsRQ,45,0.9772993456601485,0.10156479221664441,0.4444444444444444
Jq_fif6vf2045bpbe4opfGS9jV8pmZBcylkxucrK9UqMJH0MCc5LreENDEorEx9vadZPDsQcXjUVBw,63,1.0237466502115427,0.11471546772943601,0.5238095238095238
Jup4w1ieZHZ8MGd6puSn9Okf1bUqZ6jQmlEFoXCwYUO_C5dap7ejMYL-IMrh1psvpPWOCg_PDSdRwA,108,0.9978344299942185,0.10560682633876427,0.5
Jx-ePCnCIMRY3zAHwvIAN2ROpeOlDwFWPKYmBFjBMjC8w6_CCVbjpwoBxelmHW7b4_CBaFcPw7w0xQ,39,1.0075944746228749,0.12337532631536884,0.5897435897435898
K8ByLKr57UcfjNid78QlaoijqrR2NoITQ26E-M7TyyRoX5dwo9pzeymalU7ddKfpfmDxzucrFy9E4w,484,0.9648690901469198,0.09155710611139654,0.5020661157024794
KHj8Z35xdBKjpfjckPKu8h6Ad_S_Wd_qrB78bRYeF8fKzi0JHvvRuT-ZOLjPIv4Vn3x7nmGuUdiL8A,84,0.995451726720112,0.10704125794137836,0.4642857142857143
KPMyeAWDjrCFBSZH86K9Zx9wSk-rr81z__iPJEy30mRpfCihlsSLLzTWySEETZP6npcpkJF0jvfbXg,35,0.904299274139449,0.08847794127163934,0.45714285714285713
KdNVMK8leypas-K7eYMfjodhS5gEGJYG_E9UAtnUXlkD1A4go5WRC43k5y5LnpIiho88g_TEH6mL0w,72,0.95898136410384,0.07756287027428671,0.5833333333333334
KkVVvLEdU5m8otYGepncIsZDrqnPlCd5N8_2DvfnjpFIv7zhe-xO4itOjE10T99-q1qbkDsACFJecA,206,0.9910046530382096,0.09711503232084723,0.5194174757281553
LRlXgISgxUbvn5fTukF1mztIST6ppTdj6h2Gj00BnlvU3pnKvLJj-u9ZU6MhYZbVIooONv7vpymwuA,331,1.0195338887097263,0.09802689745972257,0.5287009063444109
LdrNKaUV_8v_e_CQSlusGrLvS6cZi4shR6ycwUmFcfKVkZKb9HUmjzh00mUBy2qFiT00oZvWaTl4WA,105,1.0287442864005352,0.11963725324924525,0.5047619047619047
LjncZOFW6XPjR0FN2uOFgj_tRitSKnRT3MzXso9aMlLwVVE6fWh_E0_dmV1i3IOPPtewh_qrhV1Bjg,139,0.967805559626464,0.09984641246542095,0.4892086330935252
Ltj6V5J0L6743GfoT-2Sg9c6cVHKAi_Wkex_33PaWQoD0V01-cvSoeWYG804fFVPB4io0bTXGKNlow,30,0.993115623486265,0.13275656087050008,0.4666666666666667
M06DGcGofamqBAOtTiVKAB9yTh73c5eyXPTccRqjx6EkOmeD2I2wB129W4rrVwcYzOFAmjI7Eh558w,152,1.0025305034348941,0.11814501776320746,0.4407894736842105
M8sdtaxCdTuNNGzvQuIXo1joGFCktgdLT2vCsleRIHgALR7Qz3wvMV5aFta20RBK9xmdvmRic09nJQ,42,1.0484277461372435,0.11240990339658297,0.6666666666666666
M92TjR0d5cHWmNVDoen2kU3Zd0G-Mh84Gq0wEH-OmNATi7U1QllH_mvse1og_QRLq0eB-Thlp1zYOA,48,1.0743116409170634,0.11810749617147327,0.5
MBfg67Nrs_BhHq8zg50MXfY5AQ7rElpruwQ_jirNuzbpWLmQawK9_2Nd4DmsO4STtLPG4-_Sd7DmAQ,114,1.0042581791774468,0.11755657527849725,0.4649122807017544
MIx2xMIvExdaeq2chIWbkIELH3diUzOdAfT1V7db0k_CfyZpdOGCPvdUOOXVrddP3z7sfCOKDFY7Dw,83,1.0303361127574187,0.10785943895619596,0.4939759036144578
MMIeQmfIiyT-2B2FGei3YyxcsHFCYDX29LhsSV0pYA1QT0ZceRC3L52rMhayEQ_YIygqCzxYTAZUow,157,0.9791272939850116,0.10245920441957884,0.554140127388535
MXTlr1H3dZgMIfaZNc9tdrvt3vsbU85i5XkEB8QLqZYeitjM5pHto4gx-2K1JEFT-nIAN1ETCKLqrQ,98,1.0196820173830385,0.10537138059896588,0.5306122448979592
Mc3_XOnkya71B4IY1mC2ZLUAauGHI5tRNrCJzZJ81DkwUONTWFqYmF0dQ8hv62B-RDCgI2rzxkVzNg,34,0.9620448183498373,0.10697065709900022,0.5
MrD0ybm5geZWq7XUXxkdm-AFoOuzML3q-Ol_qq_6UbvjV1F1X1uL7ia4PTvR9UoCte0QVUJLLQQZ4g,218,0.9959678046778171,0.11596331664437752,0.5642201834862385
N2xwA3eSN-n5JYWoX26yYwEinq84BpyriVFayH8bLWEl0zusaE6JQHDLxLLLp2Z-5WSoyoGQSHnmIw,62,0.9952016903600975,0.10627296711445418,0.43548387096774194
N4EJcR_R9gYsT-vFMlffXTlVwzyPzueMi8l6OsRcOvWY1Uuvs6DstgPVFT3L0G1CzlwENmK4yLosvg,92,1.0285959012368526,0.11133347882655184,0.5217391304347826
NFXqYK8Zhk_QnlrYQmyBViLPBlDAJpoFoz_GhxOk9I9B4qpTHVh4TuwCWHvt6uvhGdZIYgAt_5g9Bg,68,1.0131962902214189,0.10584313221829363,0.5294117647058824
NIwllUlXxxgj89XyhjUyLwBbIcMtVrFdj0v1cvMzNJ29P_3WVnEqAU4Hq_pvdNnQZQtiabOo4IKw_w,34,1.0061825619615943,0.1306002436737029,0.5
NXrIBtSmwzzAQZrwZ5yQVKE2WweSjLtyFf5_uWmYP1sSrazRxOZ_1NcoUQPs5YxUitoP5G4KvDsbWQ,111,1.0059704692037872,0.09372483882064843,0.5135135135135135
NnR2Up7xadLH6QIUB_3Kzg-VeyBGU8mReT6bi_v-atuERGYWkeTfcOGffl8ETpJhJufnXFYiPKJ1vA,72,0.9921483866847789,0.11691964029525681,0.5277777777777778
Nqe-u1RGgiybcEnUBd4bt8Vw2O5JHcmsKcxvsWL7ROlNllsoy1xVroRE_h_LoUMXa6LOKDcrrgVntw,78,0.9666870411684678,0.1055820979571285,0.5641025641025641
NyYf9v57RO9HhCSr2KphD-fmQVjBe6lXs7x_UJcxcFAb5-dXV6rznwukkfDlrBQkkQdCa-ma70oZOw,202,1.026955785533302,0.12578343880041082,0.4900990099009901
O7SUvmgSDubWV6Vc2grEUys_lQwTXcG1B_OryEbTZsryIRhuo1mEePYU8wDP9YPhPm9vW0WAKipiCw,284,0.9345945905050662,0.08296999803220627,0.4753521126760563
O8F-rTXvkSvIVAY_pLGrZf3hxtIJQ6_ZArN68bOWlnNsYnb3khmxGhJB_fCd22oFAzfq3MXyX-1Jbw,58,0.9704381258461399,0.10293263498578828,0.4827586206896552
OLrjiIKAmBSEq96UBToTCgGBAWlGW1bM5uP6-Ou28DDXLnC3-ZYVmiBXq6Pw4k86CrypqO18_QTJgA,52,0.9874220059676435,0.10147322703211839,0.5
OMypWa1fXP1emRWYlEMJbvp_DdtMH5JRdNd59pp10jmD86vv4AAnza9hMXYCLboVvx9pNK28WpZYRQ,34,1.0006056297029349,0.0889270392457973,0.5294117647058824
OSsHSvCUYUS6YgTlYRqBV9lcdJ666aslO29LFx7qJE5hwv1dbVYnAGwIhLPGoAVnLinKd287xZS8hQ,41,1.0668454690197005,0.11460297762566264,0.5365853658536586
Opx7DrIn25I4xb59jXC_gUtsY2JOyYAMgriKNekuVW9cseoj4TRttWQOWpfMk0XHK_NpU5WnjNzkgg,119,0.9977126378919199,0.10261478841986714,0.5378151260504201
OxHRFk-xLASRdxXWX3oZT4NNw0QGafjb__8g_DeDdJkJLpify6qpD_gp0z0K7zEw7NrEHT5ZzRGj4g,166,0.9655829417681913,0.11473910832600735,0.5240963855421686
P29egDequESRKWHhWtChlJqjfc9Z_MQyS_vPiKCImJiCqLhKYBK9RcKGaxOiWWnuIMXNDJoKEp06Tg,49,0.9604964272747544,0.09240460726451716,0.5510204081632653
P9L3sp1rkCGF-Egk0g_kS_Ksk0_NXhBpxmGm4YB8NFk6zGX5Y8rpq8Zplucy7YsNvZbAf3sy1VALeQ,32,0.9612621973017106,0.08343051051544742,0.46875
PdaBuCP2oAlVF6nnRSHAelgrem1yO9VwtqtSLQLtaDAmUYZPFdiKpW-V9ILaa2eVPFKoc7gyiSZlNA,141,1.0215602337496212,0.13631092686906682,0.7021276595744681
PnjczL7VESlrLKjVSQUWgsAjCsS7r3KNJcmsq5Xb6aindkgJMMm7iJ95fLdqmMZU86jv0AGSxu-mQQ,50,1.025872200343926,0.10290871452025564,0.56
PnzJ0Ci5Mu3hpUKTEy_doWhToCBTisPjvKEUUnbal9MZWQw67EOGBKLo6Ulj9f8vZzLVnNAtQ_14Tg,76,1.028457428584209,0.12229512894624367,0.4868421052631579
PwIanMI5j-FEnEV7P2yYpGVjOSb5J5dyX5OjGbO0jKlQQ2BMWdY-78Sz0JOreKRq0TCFC8iNJBrtfg,41,0.9949664426233582,0.10527442864649533,0.4878048780487805
Pwi72NtyuQ64XMxV1Vq8OqT9jLlB8uE2IHej1BQ-1z5Hq6zO9h3VrdOzLy_Dkm9g6HV3CTZEmikyfA,103,1.1312276520517621,0.141828363085087,0.5631067961165048
Q1_bAfRHK0MLfCOYE7ys4Zr0T7QVb-itnfM7wia8TQOCb-JLnTlfhJmQrHIB-iLAy1IbMggbIwDgCA,67,1.0085491379668632,0.1092898749079009,0.4626865671641791
Q1niC_OYnOogC7nqe4BpiqXkpH6Ahzk6A7D8qFA5adQn1rKzwQUjVpEdAQly9zTOOpxHb0KLi1xtxQ,211,1.0390354447776229,0.10684737354806673,0.5213270142180095
QLel8P7_yHIHGlj6qbXT8vyoW9LNaxTTUTH4xy97eNgMagX-BzVul5zQSGd6Jbbvcm6lbrJnvpR76Q,101,1.033624946124557,0.10817646589832353,0.40594059405940597
Q_U86g5MGpWv0LPsUTs4Hd9afIUCSCFMxhfrWgzT8oHPMWbNHKV6T8U95uFvHK4wm2_XgSJyEzaYOw,38,0.923864885628661,0.08123922856263757,0.5
Qj5D-krPhKBUIELQ21zlDUAunjd996Z_Ia3nTT6vFSI84iLpgPWjFRy6CgM5h7XYYHA0s-xoEsXTnQ,238,1.0176419488375306,0.09907172067244191,0.47058823529411764
QrzHX9n241xQx-ivRKpbc0Tg1jpw6FhsPTpRlkx6jvMr28DMWxnNmxJoaWlaBDBEaXfTpekvdY_LoQ,46,0.9799284834519125,0.10878766056986355,0.4782608695652174
Qu-cVeNa9qi1wWU27yRa7e3MuaNFIIjN3-WJ9Z9E2zkVTa9RMFgzUEnJ9-MPuV3S5NtoNI5jk_qj-g,30,1.061205234190698,0.11897610198990807,0.4666666666666667
QxQOikkiab042ZonGsCiH78HnP6ezZ_swwblNwiFz8Ro2_p3mjamQ47OQC5Rr5EqTgNoeqItQy2r8w,73,0.9904361769055164,0.10651745664912383,0.4520547945205479
R41OkEm0qHUvRo3MvyamNtIiMsDoVYJxiZvN4jWrzj38QkTV0MK5FaM4YnZcx1JYQjl6Y8y5Ew32FQ,41,1.0103089397509348,0.12634208471523725,0.4878048780487805
RNrupxtn5Lwqwkm65ENoyPZmp3MFoPTb-zV6Xs1DzbxlTrCytVORl8LDul36PrG1x3OByziZA7NJyA,137,1.0208555995509974,0.09948680283345247,0.5109489051094891
RQl_TgEjk6QX60_CHI-fFTHEBOB_6Ug9sFSPQ7el3wCtZLOjObHixiICNGdT8wx3gBy3gMnl2ZlugA,56,0.9683348805075113,0.1078005696404178,0.375
RTOwDMZ09V8KpDSNGwFFxpJ3AC9CUVMwU730s0lZY0HvO3TuzH_P8IHpkjtSdcPKacqeyjwimp1wkg,42,0.9629412644694915,0.07871837662111965,0.5714285714285714
RWNUovfzn1YVFmbcu2VZQAm_ieQ4srLpYQRPVd6SBp-kRJ4iBk1u1AbZv0xb0J_pNd0BVZio6oZ9NQ,111,0.9959308585909683,0.10917548089780917,0.5045045045045045
RnqQdRtTlLoPyMOkyCKOIFuNl-DgSFHYhydMIPJn4YIP9TGehbTrHk9MzkSyNAWJfKW-MXZxHjSHWw,84,1.0125369330979748,0.11862204218485188,0.4166666666666667
RoLwp2iIvX-eEQvEAw80tNAHF47WLctPJPcACjd4NcH-bwKfchtx1WQdnkWD0D_OgEJLxg2Qfbm7xw,83,1.0458511948374856,0.11639721501359074,0.4578313253012048
RsOkGwgHSK8hNt6LF9jlYa8UtEMEKJPVpoPJiy-ocV5bLT2SWhsArJT1fZ5Nx1PT7mwzxB8oAssMYw,35,0.9388358937387886,0.1186411130715997,0.5142857142857142
Rt9354o9UtVXgMXi6qhjA0mjzWS5k7kp_bjGSiFvP5DKw5JPaEKJlb14JB1AvDn0jskB0ym3Gx3ECQ,71,1.0454390607268989,0.13712721067547923,0.4507042253521127
RzjqVI_q7oFz5QXfmOKbzT1Ja7Kug37RdoNm_TJpyFLif4lSBQFpPeAnG-w6G126I3Yh-Kj67PlhnA,50,1.0075682306417368,0.10678808728897951,0.5
S1b1tQVp5Hw9FcbkL368Wmwob8zOLN3yvl-m9uyq8BT_1UKaz5pM1wwaMZCdDUfktZSv9kDnVJryeg,101,1.0325472396602458,0.10123568338293071,0.504950495049505
S5-isyema71phrH0Xcim1BpeAmb9iM9x_atH7lj6R4DW4cmJ0a9e3hxSXBz5eZD_xnPyXmuVciaWKA,49,1.0445383704650257,0.11423138083258388,0.5102040816326531
S8yA4FMX2SjEH5vcNzrNyg7e0cG8DERqvsPnGGU1pqZyxkQZExQsfE3V6WeW7RqXwmE18g65RdvQSA,50,0.9918608090579464,0.09464761172883249,0.5
SOVxmrg3p6p0RFJrJlWYFULg1TNRySX0QkWt_dfgtnO60J-hcuKuURenRVNdx9B0TyY2jmIf9ABf6A,69,0.948951841285538,0.09032149591324073,0.37681159420289856
SUC-_TVeNFq7J2hGuUmmxZ4lAP0KZp6mjLNjJ7yq1PtN9zKU3N5UAV6VNDKrjtQCcLzxZujpSSqJfQ,35,0.9501997507905218,0.09935075022539296,0.34285714285714286
SW-d-OWnYifXRrifVioHx1O1qZVwvVZcNMhWmbXUNtLO4sQjVSMIt5_ATSWLUebMW8zr8mwWIRElWg,50,0.912539878099514,0.08208473213451918,0.48
SbeBWqC3xlh-42Dx6GFtyqMO6VzKOrNXX2-JN_ETs9B1CtNQ_lz6COTITXyYkvMb7scpVGXbUNuX3Q,35,1.0128794878386704,0.1470671458777999,0.45714285714285713
SfZfSidvBdad7m_KrXHro232q5VtK2QnnFn4HuideJVRO--0jOD9y-iwOCqXT02POYofADWbvurxxg,273,1.0129821144707851,0.11653961619482217,0.5164835164835165
SrEPb3F2YnFmxVsZNN-wVOHuunB3DdrIxwceO18iMQSkSIWpha87Vh4xigT6-a4hPEFheua33wmeGQ,94,1.0817972408280452,0.108722066271865,0.574468085106383
SwTw1EsdQGVcS-f2MDH-Y9DU6In01XOZrbYS9UFU9zxxzFRwOGtbtEJNS8DJLeETq3p05MD5oeHA6g,33,0.9963010394266875,0.08292450089014222,0.696969696969697
T1ItW2ozSiVTBGyaXxYTVlIblTfF9NrDPAvP8CS7mGF0eMIJdC4Nfe5n8n9QkI8BUZmGlwnlvzaoCA,186,1.0373950874873765,0.1075447900436214,0.5752688172043011
T98jpQ1_ARC4H1CfSt8CrJlIp25G9krksJt80Ne6PeGrwZp_VdFtL6rH3FxwLDxyH-poMo_kiKYTuQ,87,1.0057041691445885,0.09016393101646636,0.4827586206896552
TC8JwFNRR5dsq44ANlbN395ON6lQYeY3gLA_7H1ASZ1rJ2IF5JSSDBnrDaIEGlcZ9z_K4tfrOhWmUQ,209,1.0116403472036397,0.09349125246404683,0.5311004784688995
TC9ip57j84E461uMaffxqd873Qq66Y20W_18mCSR3UyXILOUhez9mksReNfYRP-SfQHeKmf5lf2r7w,171,0.9939054923501287,0.11041296487423825,0.52046783625731
TDAV2JhIuHySR1bR4f0TShhSimqNJcxpz1G37uO1NbcVt7TzkvhzccZMZOXs10c8MgRcsesxS5-Rjg,36,1.0228390302678578,0.09982827395052576,0.3888888888888889
THJB6VDSpO2O3tqfQ8_UpepEWbGG0-T2bIn2t947SnZ46XtoEBmBRVM5pq5CqaEf8Cd5IrxiJeugvA,30,1.0333163223321133,0.0940856291834513,0.5
TI0Ni6ihy9vAh5nnW29H4qPVHCMaN54Z94jgDU-tzvWC6_-HDyfqvxNCXHVcoGahlPlZg09jxG9SeQ,92,1.0081966590269564,0.11040173795304944,0.4673913043478261
Tbq2Ldm0ShBEmWPiMzwPPorJ956R4qJ5OxvV0UgKsRhvEPQXV4sEL9MR4_i5erV0iXPTSKD4lzJWGg,86,1.041683926514443,0.12719952649644292,0.5465116279069767
Tfu0hOAKTOtuYAPdtB_N9yN1fvggfVYqJI-6ZILWkG8gf5TxSfVHUbD7FVolHtXNa4rZfSgWYAYveA,49,0.950313461700219,0.09535936753336116,0.5102040816326531
TgcCM_ehekE5SxEnqrVyC96hJf27vqRDOCpx_wcawkotnb6XMMCuvZWgBcEuGmFD6mw5fgsg46RmUg,70,0.9951971682085434,0.10253737843110391,0.5714285714285714
TlO8UlueEkSTiI7sB2lzVqPnPk3AWGdptfY40tivr6vA2IeJ2LsPsA1LxkGNt4kWUtqrDB4ISBCpwA,74,0.9855913792942488,0.11618245273587766,0.5
TzbIETopQJ43l0w6Tha67XLyPl-vFiTqRh5Nki0d1N5gXTku17DISg2aZlDYFGuC1z4OPrqMzkGMcQ,157,0.998787078713202,0.1007484443993088,0.4840764331210191
UAMEMQEcBZYVLOaVqVMyi_GRGFuJxQVdnnPjKnqxgtOjUyBkBRzNQBXr2e_hDgq1823YBY_ms3W21A,76,1.0155958102446214,0.10528643804458916,0.4605263157894737
ULH3ffJx2QamRmix-ymv-1_3Epr6lGFXik-b8UMK_G9Lk_V_sOgPBq8-iCfVXBcXeSZiEgSLn1q-Xg,70,1.0157794230173347,0.1163114451587971,0.4857142857142857
UN4qDBOIiemh56_11gYXg2KGtbDZtKKGtsFPNFyKmUVLxtn27lYA1rmKMQ4UbNFZ2-EkEMaTQnqd6w,224,1.0254141617786332,0.12237156679382642,0.4732142857142857
Uduc9qzFp43iOkPuIR1uzUbDyqayhgnkfi7WAI5G-PYL-uuANrob3ps9QnPnuzGPP5U6mMuGt6nFXg,52,1.0169435929422987,0.11179608941521393,0.5192307692307693
Ukyodf_Skm9cXfFBcE-7xMacXr8tZn3ZP7BwyXaSdYVeNvK_CP31QXd3ic82W6KLxwndSFi1P64hkg,178,1.0143657067445375,0.10986440384244174,0.449438202247191
UmXgD0mxIlXphcQPh68XtC-elg2-IEKR-cOGFo1GyRclJWlCpYOwEEMb3h6Ds7xhw5hZWy8ViR1ZIA,184,1.0214228609131646,0.10031453826987881,0.5054347826086957
UrfQEBsXA1UT1iAi3WCBc0V5LJaFFvijwwuoBMnrkJJk8MAANn7fAdg8j-e4C8GP6-nkBRH0opNymg,214,1.0162192872968434,0.10413412620944375,0.46261682242990654
V6Zibf_JRlUd6m3t1otM4RT_eHgPr8-MylUTUPoybtU6dHeZW6oP8w95WXAFE2IDkMcVL0jxkdZNgw,50,1.0071091391896265,0.1041765315666655,0.42
V7DIIzNBrxhkI6F6MNhg0eihvlIGVCLZvhF-CvO8ec-7sadNjmavtHIt2hzHjlRl-K2mzXoQ9F653Q,173,0.99393320494194,0.10016417995313788,0.4508670520231214
VAdI2kgrFJnSVZUb5zL1GEtOr8n8NEYUj6ubaiOWNaAzdu6Yesb3AD5S9VGLx6qHsID_Ye1ZST8oyA,92,0.9853359164378774,0.09321025941795777,0.4891304347826087
VEWJoVHKLBUiEG7LyCyxd3Qw_PGVOEuEceDbv0hOxAFtjxWebqFyc1q2H90OBGQ4n3y8o6hQESypWg,214,1.0320153590249068,0.11461749942526107,0.514018691588785
VFjhzL0QJ6gIkT-Ok1XdV3JYxNX0Wlz6lFmTiKwRwn2rEr6xiPWlaFlrcgFFVw91vj3lIFj2A6V92w,161,1.0249987809259862,0.10348636443010047,0.6273291925465838
VKomKlx64OI51e8KZxRfOBdRCaCf2RmkuLNCRXhS9xwrrhvDASERKqLHRtrZcH1utzwIJbsfsRRsfA,64,0.9615666482068366,0.08563778458494417,0.53125
VOMkrFdii0o9enYqaxiU6Ui2pvZtTmLuxBZYU1egr-kBSqzniv75ctDzwMk40kqJUR-iTulXjEn3Aw,78,0.9951637582591067,0.08443023094264428,0.47435897435897434
VOcw9CP2rX4UF8Jxew8XhwAOB06VSlyCwpMjR8JyjXnHstndKL789ME14lgG10WCPE27XCfTVqmFxg,168,0.9393798543488453,0.08553590111541076,0.47619047619047616
VY0JmNK4wsph8yq62tH99OuvaCxRGV_WkarlG4g8c995FCv0xPXndQL2bD1psq6TtDh2G6rOAzueLg,319,1.0181379949394267,0.10672093518542063,0.5579937304075235
Vl4u0vynG0x_c3VBg0XSpnoVhqxM25KMMj9-qKZqR6Hxwxl7TBZZz3KZJ3bL7HlzcHVqXRSDbBcAkQ,91,1.0026711834616258,0.12035161361356686,0.5494505494505495
VoazXjLXP7jA6CIHyBNXhE7V-mgKp0gB-fCmv_hgWnenpvOdH4p1MyPzqYFi_o-YhWEQ_2Itf6M3Sg,37,0.9880887240676572,0.0990988250202556,0.5405405405405406
Vr3fdjIXlpNJzWp8VQ8GZvzu3vzqfAxkZtvvvWTixWEm86W-Te13_8JkV9BuHCsZibBmhK8WU2yV8w,44,0.9436037908795203,0.09558674020998922,0.5454545454545454
W4Tu7UiMdbFWHBnyGwBRSSSE3ptdvXiNNO8VwLO1fo0sHYYDEWcRLEgDQZevL161FZzNEkTnomm6rw,150,1.0282088389536996,0.11241444445878465,0.5666666666666667
W4Y1vhvAPz8Th83-dP_9_y5dSab_Im3Sjd16sCLgb79WBQiGwUWJC1VWY1PKuBTfOacWgHr5bhJ30A,35,1.0761214843346927,0.12629774338070693,0.5714285714285714
W6FToxXXFh5tReHhYlvec-LL7X0JgT5yTLZXLfzW0NJNqTdbs6D3NJYme34vF7LJaowt8cjPky05nA,66,0.9930686637864952,0.10103153583478204,0.5303030303030303
WO8zI2NAsb-IRqlGSKkeyHW2JKubhHaXfrkTNIgYJnYJD14ni0dA0x_Kr8XLn0iXFuJqj2rzBFU_qA,162,1.0342906914623,0.10200321415884278,0.5123456790123457
Wegn95wO3GxJ3PK6IWyL63PGvbdpQoVcffra0-vgrc7cFyQkdnESN60OcN_6QeHyJIHzwxuc6uEWUA,93,0.9949345758452877,0.09743212872484575,0.4838709677419355
WhF6tLcZ7OXu7DfT_E6b9gkJVZqzJnTm9YFwfsG7OoITTFrZam_DmqIck6nXfS7qzl4ISuep3H6lnw,53,1.0090257682019188,0.11179328360343636,0.4716981132075472
Wr4NMwZo9ogBWGaWXIdS3CB_I0orusfNG99uo4s_n_hzAf9iAwqyuGx3VvKD8IL3BU9Na-9MuUNHMw,289,0.9951028149360525,0.11689434771769776,0.5363321799307958
Wt6_D4OvPs0NaY_mTI-iNisayuMPn00_jqxPTvpBfVCxcYmY0cv3cNzsgLpIqZQtew_uM_PGFX4qvA,34,0.9706143429702067,0.09180996948801545,0.5294117647058824
XC-MUlM1_jTUt49L1ObLyt9FWMwXnC3NzYoUCess1pZbuO6q8YYgOS5N95_S1cbAu9hgrMsv97t3kw,63,0.9990315126377433,0.11057745345914663,0.42857142857142855
XI9SPyaV3DRS8AsjSIU-PPLE6sa_3SaL3pzL6SRmeEolVoxGsH0exPYnl7y1vUhf3pJy6DxN5M-fag,53,0.9516894342247889,0.09577862288701063,0.4528301886792453
XK1TL4q868hrrsK-8qAf_0oNx0zsyoXB4wqocZgrEvvx3ItoCvB1tNvQQCFuKJ28NHDtZXUWn8jQhw,60,1.018410716922406,0.10434826201010415,0.45
XZrrwY-w6LwP7Wh57vr6oV02UTort34aiWmdOM78ZuaksArqAI6edB9FQTV4ikINL9lIjD0FLMnvpA,65,0.899251478632379,0.07411431439324154,0.5384615384615384
YC5fatCdHOgo9LlnaDliBR0MrGK_8QIFFdPhUMj2fHGMf2ZSgslFoU5sQG_oqVDuBpJS8jK1iHzvEw,370,1.057349659851106,0.10427780935367449,0.5918918918918918
YHIC3TBLcbXwgZkB-pJPe3lQxLvFP7sY3mOxFbazFKNmqWJldhCK1RZTYCMfn6oPGk3Mes1b6YBtpw,287,1.0063855581377543,0.09771620222406326,0.5261324041811847
YMJ3V_A9UWqdK-DarcFieKajBGnsr3f6X0_2zLLcJS6NDnz8XE6dMos6BNVGuSVbNB_8mLSO5A84yg,81,1.015948794351952,0.08364019365441844,0.6296296296296297
YPfK7ej53HZBAViQS_DS5wY2yVqPlAEAB0hQB-mSgM6jA9gonl9t0bNNAWhXTy6-r8RJgH3dLyjbPw,274,1.0350351821759722,0.11723974758178556,0.5474452554744526
YUhI_nVpQzqp8lTnd6Fzs2_FWc5Vs8eemdP1EwYTy4VqTwuF-Na0WEhlCxmF3kE344wc1Y-VT1D89g,51,1.0300559637315143,0.11582575628189587,0.5490196078431373
YXVADsoNjzOCqwtLmajvwOrULG3phj7duQHBL7BuX8iIVuS3K9CB2aipiW4vho4gE5x5k7bq_BatHg,58,0.9602488419517411,0.0888349237754867,0.46551724137931033
Yd-PG69LrfoX18wF6qpdsWhJR3FPcHmzsawTxPnNyGjC4qyndAM7byW4rj8nmS8Yueg1RHeOyilAkA,96,1.0151889189739995,0.09454849376225125,0.5208333333333334
YhKhlhLXqBvJSiUblnGb1BqsBOlrA8mUHDov6sq45NfJCm9r4NPynAJyfZmreiFAPSfutkh7MNE96Q,50,0.9547303289461742,0.08570087415763229,0.42
YwYROsp7700jjrLAUO8_VXy9asdp3S6uDlIC1FT_SDTWbNcHtE2TtiOPCg9vRR6YKILZ8_jTvT9dig,60,0.9824214334089619,0.10206559137437118,0.45
Z0tlxzhZk0qPt_5Yi_Z7lwRUWZbj7Aqh8lIJbmfkniMpohlCxUFRINLkzxNUpBM2lDCsWthNMClxMQ,161,1.0016674955989615,0.09723265218415784,0.5031055900621118
Z1wDKYkX1wxVU4ofPGxh80vg0wx9g9YVuyUQ698pKpXYKk7K-4YeNWhrJHd2dREx1SjMN6Td27hUPw,36,0.9715681947428999,0.07979630655456164,0.5277777777777778
ZHQVkBdovhhE7HJuwwhBcvSOd73G0g5eMVqI6Xj_-BU7HsRDLIfa3msRhgbtoSA0oTeKkGCcRZACCA,37,0.9926456156112157,0.10408802799540083,0.4864864864864865
ZXUsesKPZA2T74DEd4_OHNq3RbkyTaFkfL71X_3HlmO3hFxCTlQZJqHgpbep2IYjlk4i_gyDX-4H0A,116,0.9752756839243076,0.0907732530958423,0.4827586206896552
Z_g-F1DWDgXeLuEKUK_rN7oVBE9IjvygWgxzxlEd8dcb-eRUYLHFt0kh4O83Y7by3k-Aq0tFJnZIMA,34,0.9845670855682545,0.09907564007711825,0.4411764705882353
ZapfZb6wtWhLhLQOKLmoOeukfv2i8pXwGtLlX6vuHmBiH8yvmDX39QYFY2LSTfUSqxL1tCpn-8Ke5Q,55,0.9225409595242151,0.09390917420552836,0.509090909090909
Zhqh-BCYW1GA7KXccPHmZ83u_JOIJDSruB0CbG9UgaBL9ecdNLcdYzjyM27BXV99dRPFjKTmKXXNeg,162,1.0070709140097072,0.10666369838617341,0.5246913580246914
ZjhtrG2gWS3YYicBbJGf0KQznTqbcQ0AoEEOMX7zjR_oryB-1ZV_1oZp3fsvS57ddPreIkHQ5lkJ2Q,357,1.0218927858737847,0.09893102459249178,0.5182072829131653
ZsKl0bkB9lFx-tdYvLLN_VfHmwThI3SuAVuIZOPviYzPrigw7QVpO5cktaOiS3bUszw--Ag5KIhVHQ,166,1.036668214864836,0.0960562609567227,0.5783132530120482
ZzTg3W4xwmYsZq2nxieicZcOiVh1BTyjcN0vKYrTW4oUwqlJYEVWp5ZMzOQO9d-p2t_cFKqfgGYmbg,95,1.011195980517753,0.10358846189807418,0.5894736842105263
_-v3nloxa0PQEv4h6MBYNmfRzO5byDNBnKQysOKsj1XLx8I4dqzjr3fKKRXqdRxKRyLPYbt0tklX0w,96,1.0188359111544305,0.10709921401723076,0.5520833333333334
_0WMMg3NGaXMmt2EzGipHy5ug1DCBvT5mwjQPR83S3o74aE1XrQlp0itveLKPzuBYc640We9n8tRAA,310,1.033451366623633,0.09903741872881433,0.5129032258064516
_DKgDwSP-K86PNHynr_ru8gGl-6RA0Qaec4kmiKwsd61M6UOOTq_87PbtLWK9yO7lu_Ay6c9hug5Yw,35,0.9904719314621004,0.085367886911841,0.4
_NPmcnxJmF6a6sAcSIeZn4cAEJymo5b6sJ6qPSqQXzcLq7GWJTdSwvOoCIuV3MRXIF_S1B12mTIOLw,218,1.049369138063268,0.1114377518434279,0.536697247706422
_e2YDQm27CirkktYcM07iXpBH5E3uRNza4mlM_hpNFE90l5FdvhB0MzDjG2tESuKaQ_EtHBGikPdGg,34,1.0664358147197313,0.14370677584070818,0.6176470588235294
_fh1vv8KNA61qoGwT3D7zFi34jountRSGVzqNM47SloRQSR9oz8y7VkE7aGLVZa7pc9dJ4rJqDNlWA,49,0.9977658403880191,0.10072306527705567,0.3673469387755102
_p2_YeH0rJo_Kh8420wg6A_AVlao3YzFVyQJFBPOythY4FoYLKD43AQVtaQj0GMyX6TbWLfqxs5vlA,62,0.9799229116700147,0.10322998527611646,0.43548387096774194
_yZ0OILm1Q0pY_sxwYiHLy5ukRzlWTTbQo-BlciZrqmSSdKMML5fz02zFoiysw5qpqxtFNlPS0K7QQ,38,0.9983930597065008,0.1118850632346733,0.5
a2TaPqgv6pWMcZTgpnyUu6eVD15T9WFX-vbcpcItd9X1-mSyCOA0be9ZC56bokPXA7EL8LWE0PD4Aw,160,1.010082724365224,0.11364805657684048,0.55
a4dY25Qz7CJlyuKpYuZoLeaCns40sQJDFHf5SPosso-EQHqAe3h5EC_SRT_WxNriHcYZJiGuO-KMSw,176,1.0279165165430417,0.10665772345613975,0.5227272727272727
a7Bp3oGLHNVKG_ZgwRXi6Lvh2UxZxO4N1q3DIPgKB3YmVhdwu8ldBQAIfLnV638TTi3dOsfn-w-2rg,215,1.0286075478150438,0.10600488587110418,0.5255813953488372
aAldLNteklRBP1shNxl2hMQOYUjRCKr2-6me5X325a0R_s0uXlATJ0Wg7I9JWTb75FhtHRJYr1JCWA,104,1.0156529348128893,0.11628942442020475,0.5769230769230769
aGasCaAPdA-rDhcCpEqea6-QA-q3aIk3cY2qaS1gkqS3omSQyRS2iRttPQ8GDQHtSENUR1otsp6CAA,43,0.9797258578726135,0.11637103604640318,0.46511627906976744
aIdNwqR8x000aC8jCj-iGxB9sPpOiizwRLciJgoJFHW5iigHhpZ2ojpmcma-Kex2VINqjcoH_hkcMQ,180,1.0832583547229144,0.12445696897214158,0.6277777777777778
aLdGTbpKtagHP4TxcaUTbL8xGp0o46vgYsq4RcToUy4WOFquUrt4SFO1MWHwZgTjX93fnl2vUfdIvg,77,0.9627243395177766,0.103039622633254,0.5714285714285714
aRu0GEbIE4y7LCulb76wZ55BcRPLkae6RL9_pDdsI5VkhDVfZkJR-CF--cDezA4QwpWGFQhBKO0zQA,110,0.9734014957928467,0.11396441894570952,0.5181818181818182
aVmbBxTSBGDeNQaAz08_sg0LtAaJAWqHzgJIzp7DErR5Psm4z1QaPwIuMi5qDSOBT_pKeLkRE2aEcw,123,0.9455191349038843,0.09397161969356106,0.5203252032520326
aZ3Gbiym9jBrcBjACg4TaCf4gn3Weq3667fw6aVLOW6jxtEXKRmuZOj0cSyW0rB8szY7V8IEOWXcLg,178,0.9842795398917037,0.11078554032727135,0.4887640449438202
anNha1PZ-kAjr77fK8xqrAGWPGB-FKwrZ7YtSvUwejSSDnUk8nzQkkVOfasGOTu2skKn6lN-zpipBw,69,0.9756999837221133,0.09471260966476426,0.4492753623188406
anpt2RkmvfYbtjnMucfmI1zJTAyDiF6fQJSL0oJrwd48HFI7NUxBReAwPXxdirC8hO1OtAB0nMSiww,91,1.007428252639835,0.10626175059256494,0.5384615384615384
azZkx2oNkBKpHPvVlm1GUx3cZhl6GK2DwedrNNTES4jZKscTn9iggVf-ZOGOl-I1GeoJRbonqtzVgg,56,1.064855223065899,0.13039942121294237,0.5714285714285714
b7pbiV5wvhgEzaLYSGTIFrw9rrgHtpQ8EPNjm1vOQ-RlYZvK_yowURscJwBCNuM6ifz__1hlFkb6_g,33,0.9523243865403291,0.12557403977992232,0.42424242424242425
bBppEsGgiY85yjye57XObYbiBc4lcONjiqhTzyzi6sazn0RIGkLbEomH_H0THl-DrXApYEXBdSKDzQ,91,1.0253465908485306,0.11228175887430049,0.5384615384615384
bLgTYSWoNe-k28NiVuiAI_KjaDFfL0yCAm-6ONMlZ_trwI3IahSqYXM87dn12_-vv6kCCRm5U9MbLg,51,1.0117424966984474,0.10178263205271101,0.6078431372549019
bQAqfDa1TJT28ZpNCM68S6ujvheTNGVDEOcdL2rWuI47XTlzWytzFwJie9V5vhmbKzXvLdUZYmxIXA,75,1.0420734777972727,0.11675764305007105,0.5066666666666667
bb5CMB8agRrpHYi-I0dSzrNQIx0XIaJbfxCOr9cBDAV7e73Vl8SlUuVOjVcHtxHWRCOTro3emnJMyw,32,1.0068926252120107,0.08704580441836408,0.46875
bjibDsGgIuCIvvXL_LwRXiIKc6RF1Ng5Iq6-JHbpfR1Vb4jXSPW_s4JhOepXphvHN19w9XjX9d_Wog,61,1.024341193230114,0.08652712367440056,0.5245901639344263
bm04Q7XVyZj88MjdiXw5SDEsFDIEP_6z57xzHmu54-Eu3bsgqiYgybR5uvnUq4bMyou1XGNB-oOkIQ,37,0.9906884249673719,0.11830726170356348,0.5135135135135135
bmK1x1lpkYI21Ss47jrW2x97RcYCqBlU_FgVWDdEk6D8N3KGuq1_HZCy0N1Hbn6a5FXhzxW5Iq-New,123,0.9970675197001524,0.09417345829884263,0.4959349593495935
bmLEm5XjtT5lJkZRDpPhybFGvgHHYIVf3HKNBmil1Wb-l6DU5qmJa33RMs7JKnMiwux8oo_mQl-OOA,78,1.0416917665762877,0.11238770322104542,0.5897435897435898
bp33a2R_j642laB45ui6gXtB-m94ug8tvnGzvTfD2wc0xWPppgT3prOsL5Zy-Tcctj7w8Hyf-NYaMg,31,1.084992713478643,0.14634573220408792,0.4838709677419355
bqqX7zhnihpWSc60vHDUrrblNXMAMCK4JUCuKQy628hAxUQ0uoqVqeKx4My0FmPc2gn1pWZwueOOow,193,1.0632516518592474,0.11226402668444928,0.5803108808290155
c3p_hWhPiMvzGpfMUBCvwjoZmtbt6ugKqWHXIM15Xjy139iw8xkTo1J980pYTHuh-6EGy0jnhb5arA,183,0.9891036137323432,0.09594477109575711,0.5136612021857924
c7Hx4UR5mPKTH81STbcULhU7AumviZ4ueI0VKAeBDVVIlpfGMNtihWpHiYhuqe-nKVBSoFc3H1U4mw,75,0.9807284959163436,0.11550117525374606,0.38666666666666666
c7UZU86ANv59llBk4vyXDsmHW334NUwRYbLeAJfZEVu2Whz6t4qQvMtJCU03iJ0_ur4C1Fre0-baCQ,69,0.9772810244128448,0.12646807621540143,0.463768115942029
c7o6m66l3vzaLhIzVVp71aoiCWaQcJEa0PK9mymRUTwpPmXKsTfqiBxsM53jWwrALpq0MdiAJONQEg,282,1.0334302892123348,0.11454083691861325,0.5283687943262412
cL3LZNtoAaIu4aMIgWXaUTjH2bfrKWhcwZIKZW40I9TXlYdQKAS376MhQsOoZQPgb7tXw-kX69Lusg,216,1.0029189380569061,0.11288212235798178,0.5787037037037037
cZfP-kZMLAufG07RFWBTCk6GUUAIcCQocatpNifhEy0CUHdoN3NR3jQDuLHJsbAimXLaQKQk41ieNQ,148,1.052061938977675,0.12348307724788847,0.49324324324324326
cc5rv9Uxq6PPu38w7qWtgzuphjKu8MvKfjkMjHmKmq5R4Xadb4ijVqxF21v6U7NvY6C0fm4is94MXg,50,0.8956659692997601,0.07709957492789082,0.46
crx7SUPe9U0a0FclFCu43Idn8gqXJRXvJMsImrbf-b-019848y7k2WqhP-SOIxyocTlgpygPWPb00g,36,1.0218125156454172,0.1367695296447444,0.5555555555555556
csfUtzW41ZlGTyqeZbx6Hgobb3u-8MAosee_qGAQz8TRwJFiTZyDkg_STFOagV0pq4GZtunJonXsZQ,261,1.0343936164020249,0.10586525740721822,0.5708812260536399
cx6Q8pWtLZMQKvXqdydXKEEK4XZdRnPmU-xpSDiAuGY7VZRIHABKXxguyjMqTpZp7hH4vONhM7HwYg,59,0.9487444885392952,0.09384027126340723,0.5254237288135594
czZcRXyYUWqH9VMdrGZeTpqkZ_pn7wlgh0j3p84ZigqN2e-kfW1yYbJ9kep-vHimtMoMaAH5ZWmjRw,55,0.9665262568821311,0.10580305701144985,0.45454545454545453
d2zC8OEgWb4ysKl5zLUMMfq9m1k_BKdzOFHfzqFtK1IpSggKYTucaSARlT23tzHiLOScwITssqhBsA,284,1.0264993799713946,0.09413030198253648,0.5598591549295775
d38Wo2aVTChFPHTErR1JRZskuJmHkDk3YVHpqCUDAFI9_t6DwRKs-BnwRZ_GqilItQ6f8hRuueXo8w,220,1.022015498514695,0.09982324213098241,0.5636363636363636
dXjU7d5fQ4eSNfxc-v4qtXK76YTIFi_j5qHb7zsW5PDJaaUDNu8gKlCAa5mZfSlXwY5FfLveyeilgQ,37,0.994487503183677,0.08032608155560872,0.4594594594594595
d_zdXJIPu0SwvmgoT0ILlSAw3bPn5bex4kUJOUlq0nBMF7W1t3T4JHQnDuwLOWRrSLQuS9MzhNDk7A,61,1.0011262719135818,0.10866819121797498,0.4262295081967213
dtTXm7qO2SdWnJlJP2YeTCdppp0GHONpASuROgumxSUhJKXFA1oDyrwkHNddVHEAsDtbEtr97-KGcQ,34,1.016101762968407,0.11118549928682206,0.3235294117647059
e4ScOfBgjLZfLo0kJRr9PdbM8Uc5IR1GLJ2TC9xWRdKIDKk3p6RkGMrQuzy2AR9TfDYyfjBHgM2JDw,109,0.9463553205578477,0.10208413663343407,0.3853211009174312
eFuRgeT-jeCqKY7jsuni7--KXAUX50ufQmt6J8weZy-UNRyOnkVIA9QqHZ2AJW481Xiz7ku6XND_GQ,75,0.9644149972442932,0.09104318735790978,0.5466666666666666
eatUj6rxaF2Xg3pcak94auX-TQQvzRs8pB8ZAiuQbkQubbRXhjF6KhmTupV_0GtbluXD-_W5agUZ9A,169,1.0228097245181103,0.11983037819198518,0.5562130177514792
ei46L3acO-mbYlnxFeUAs-v1hppNwyPvxopvK280GIBz8Z62Mz0xgkpZ1r4cSoNpfk_LMn7S5E_maw,96,1.0127161428807245,0.10010054579050502,0.5104166666666666
etq1GYIMA7o1RAL_PMdp6fphsHL0M-Qs3rv7pOITsMNvH_Ea5PTZAz1AMTQ52GUBr_o0P0xc8CE8Cw,60,1.071655775880312,0.10229131147737848,0.5166666666666667
f0FYuztG3TU1P6SWa2MdqBbpioVO23afi7ZbjaZXGydJa5B-X0CjsqZohh1jK0uJUTlvDk2epcqEXw,166,0.9447755740399196,0.08544248036559803,0.536144578313253
f1Bv5pRv_WszosQwQNqeS4rhicYHTZz_kWM5Ff606fdyWQsGL4bt9gELayM1Bcpr7Fb4xmtcuC5Zag,55,1.0364517991297775,0.10290946656075767,0.5272727272727272
f9u7idU6hS2fwD_aMUclWJ7dWo1lcvSBGxJkf-La4r2xX_mkXRHGTDV_KdZtDFNHQ5mCcZllN6YbTA,78,0.9803142682638397,0.09163689940164732,0.4230769230769231
fDY1GaujRclcsY6w28j9W5YyAmjIyenwAJCD0SDH7WjfLgBC-p48lXVljryRXorG3lhVX-vbIdDaVg,42,0.9991634945677542,0.1212944567985707,0.4523809523809524
fp4g3t9KWpF9EHaF9Z2H9gPwdDqKyK5ZNjhiwvBppQQoYDQdtCvZzif3rCRj7DUIRjh_0KQT2m1Gsw,180,0.9666557772667775,0.111967678963448,0.45555555555555555
g5Np9PJ49io_MIbasRrBmEyOZv2zW9MisHw6Gj5ncteEei4zynsECmfMZ0e_WxILp7iAeSWccChC6Q,258,1.0251676821033928,0.09961580155975168,0.5348837209302325
gA0kcu6ZAijRwlCFcT5UdPBV1jWEcitiipoYyvbOKdNYpQlnMyMSbw57f9HB6vfAipSKPIBwPSf40A,55,0.9937773186712916,0.08796257749743994,0.5272727272727272
gB4kZ6tr5Lzl99YaZ1Il5VKYXJ7Xv0rUrOktLKSv2jHws_9v-2RUj7RMIxVKa09vxsOqPkK-MxAD4g,224,1.0195764962044322,0.10739306455016798,0.5133928571428571
gjYiocysQx9YyeEuXrOjKqkG0ej4PNaOT4f2RsdbtdSN-WU1kPzDo199XZPTI9-H7PTKqtEuUGQzBA,55,1.015151614844099,0.0941366143881458,0.38181818181818183
gmERzbhMW1RPDnqPBBws_Iw1u4L_ePJe3hW4EZFF1VUptSWjdxp5mUITv-0keFlmhHd69vzv2hTssQ,177,0.9745027361221857,0.09724143288592177,0.576271186440678
gtB0nsz4zT1MUt9FT5chEM_aSs37iMHVynylWmUn4BrMe4xV_FMb9PDPPmQtWXkkXyMqOs26E_5qYA,108,0.9864341218261251,0.11221991722795593,0.46296296296296297
h441MHT8F8EHW-J-e6tLRU5bVX5iWkjMy23Xc4j-18fyhZpaIsbTUatgto7Q0NzvNKiXfMygzoy66w,47,0.9768747454220102,0.08744378079217989,0.44680851063829785
hKNDL0up8nY8XXYlxGcidnCWfmWm1fci8YePFLPHQtayFViQWrh-5df61ZB26jttq8e02YlnJVHSLg,242,1.062941971794763,0.11818889894702529,0.5454545454545454
hOEU-w-oxYJEjZ-eHbMRsbwjG5JWOFXu0OXWHCVQKpAAGcKEqH8ffNKTsJIG-2RLqgbGXbx9f0omFQ,165,1.0285430142861407,0.10420115622758296,0.5757575757575758
hRmWO2CXVkAqXyjYGp8K45AGgpRHVuL3uTNThN3G1FsLtjo-Y-oFmym8s2Rffvfuun2lNlw4LcECew,214,0.984853985927799,0.09767964923197661,0.5467289719626168
hV4CCkYgp4tAm3AH0kZ_1cRTHuqVGMKNQ8BXtU8AtNZzIbU86sUOSdYN30Ze0VttYbstyDXjQ2DlAg,45,1.0061385329405768,0.12836571594146215,0.5777777777777777
hv0UoBxRcOnNiZ_a4q9Y49I8Z5w0_Mz07p0p6TWa26fVytV-YWRuPMx1V6PEP6ENY-zsFoXo0KUeeg,144,1.0281661215791258,0.1033813641692608,0.4861111111111111
hx4VkYRAx3ToV_13qnYm_U5KP816YOU1bOdewOVF9-uWGnPgR73mC_K83HUeViyhOgOjiztQv9MMtg,36,0.9909275149288157,0.09050523046988873,0.5277777777777778
iESybOyKbCFWBN_wcMz6NSTNw0wIFVZi0GUBwOJQd4wYOY2SBzdTC2-MT7cBAz0uec7ievVz9EvJyA,41,0.9995334739333374,0.10591347209602579,0.5365853658536586
iG8-tpi-K0FXrpai8_JBdM_cpAQ4aAd576deZfk1vlokdT606KCJvseSo_2t5qKPIJvkZOAgbrjfYw,131,1.0009760015499445,0.1205116362606078,0.5267175572519084
iJT486dRJnBcS_48D-yhUBVDO3sY5lv02qj0ySatFmderXsshCP2g7nR5E3qWKczzsZonRogTeGvjA,43,1.0054545496094165,0.10738555877854544,0.4186046511627907
iPNg3jYWI9Z2zimy8KagPqhq_pOHdRArMgewlVUqQyXQGpJonybzVt0JT3pNijUoXxJ2ENnbi5U2BQ,83,1.0698378406450564,0.10798549955536334,0.4819277108433735
iQnDMeIySV9OoILoyU7UNjtX9-cAX5E8I7NN7078XldOF45PMfs8AF-5lo3uvb2XxZRJotjyfeqvWQ,30,0.9703373461118653,0.09344907272493429,0.43333333333333335
iTUdCvtLLqXeuASxOCgsKW1Z72qvJWiSfN3GUAxz6JRSCISTA4UaDzAOhVhKsiN8AO6KjuYZZU4qPw,85,0.9795717761920164,0.10190783461949755,0.43529411764705883
iWAVcWVZ9CxzQjTP-Skd6aBWqLLplk2U5CAUolqeW0mgIz0fbCa7i2AdePnirb46BpDI668Ny6nw5Q,52,0.9582454374682208,0.09344294127538864,0.5384615384615384
iZPeK_sQivqi7oUO9UToMvkKmcQfBcZUW6V2iAQ1Ck1gF8UFdZeP54XCghOLSa5X89IJvuxFoEABhQ,88,1.0378749636695652,0.12228455167994404,0.5795454545454546
iiu1OIC5dWOZ8P0r6aJUnoQdv90JLBpv5bKjqmyu_VfARaH7SXT0RR_US78qVb3FYz-QC2KtAZ2T6A,45,0.9636173591082737,0.08333765838705352,0.4666666666666667
ij0IY85TX_3xZ4NwaovGj2UjKG5kF4SPuTNklcVFBKtrIkx14sF1WDEe4I_-t72bPIPCaO-sgFV4Dg,144,1.0745663110490011,0.13072458579436666,0.625
iou7cgxaC4qgDgZKQrJTJQ7uquoeo1P5YoMMiaIJMHM9vrEjAUzlAd5POX7my90HqwKOH7KCmwgdLA,133,1.0565188020524163,0.10983669525112048,0.5263157894736842
iyO2CaEVIvRYOw501KD2LTmZ9WCnAx-_qr0I020J1knyY0wCKg0nsmtsudaQyyoY_47FdJilauqcSA,80,1.0275016887455934,0.10091309224251714,0.525
iygariqWisTw8mIkBaUJcuoO0uoG15aXPVdlTli5-PWjijLkHyz9dhGGKeDr8ptas6qTbNJBWhe5lQ,83,1.0004976374360677,0.11500660522357363,0.5180722891566265
j-0pHI_nMhtveNkDQcDLOX1Q7yRsgnv5YSX6nZZhPoLKVgckIJ_HgklVCdAeSgveIM9cNMhkgNuq0A,82,0.9259819793321665,0.08918966936187317,0.4634146341463415
j5N0X3S7Ro7mayM4i72Kov4hv9RXsxQamkpuzmhkkacEhwU-C5deCvEGj57Jb4q8x7CTJAlYbMhXnA,111,0.9884563311876478,0.10540156968175998,0.5135135135135135
j7TxsFgO9-YYfJpEQ81Y_3V4lIjXO3aK7YvziDx9G06wUJq3D-pKzV8FmEG41Ly6yzqGsb90rdysuw,331,1.0884611568770217,0.12298439310140707,0.6042296072507553
j9XUxcTZ5X9rhd-vTK_ujWi_O_Iropxgr161B0F2Yf4tmZSTKUg4z4W4OBy7PI-Z6eGtDJ-_tkyk2w,63,0.9815477886378668,0.09976459298603498,0.36507936507936506
jKYB8rAf8niML9X_OevSP8B6S5RO5_nYIqasbsLqsFOxBFEfd1I301-IJevklF3I4BS9B7nQcGNUVw,34,0.9547697441109629,0.07644101111843958,0.38235294117647056
jVmWqx8-BtGP94ZhHWyT1c4Yu5r4j5Zhs9soLYM0RtTO9s18YnlqlpfjhRkNHs91cACG7UIj6hEpcQ,64,1.013902503985513,0.1118457225255639,0.59375
jXtGBw2zyzk6cg9tg2X1Z1sum2sHiItaxtY8UxO1-gH5pAell1w7Dgg68mM2vXftteyKDnoMTJtW1A,39,1.0130751830108358,0.11953683901846819,0.48717948717948717
jbU5_tg58YSmtiUxnp55sDhcb2088nFhG0lmXU5hrW2qFe82V6wg5qwV53PjPXOhfP16d4MX0BbywA,103,1.0331413937232,0.10292391474025088,0.4563106796116505
jhyLGxugBXGKD-ZPYucTdgkm7sIDYvP67Ybx-YtUVZKsPsmfsNNw_LS99jSknoD8phYZAbWVTZD8ww,78,1.028018528899023,0.12793761520094205,0.44871794871794873
jtgpSOEvlQgJTfn2NCkpMa-IphpIrf794FoVTblE4rpXTQmt6rNxLUvoylu7YnXWTy5eLW_0U7Jkcg,30,0.9857704676723659,0.09054818291429537,0.4666666666666667
kKSB7A-qi4nYL9MPz-YWEC3m-IC3-gZvPnGcwQmNFBeS-d7UX6eIf-vlVJr7ABIRDQ0NIFwFBBi58g,223,1.0477601622292452,0.10677724833061092,0.5874439461883408
kMOVG61ciLXtEf_2YMFGp7MxSeGPSCscWVC9e-837Z4X0tNM52_knRXpj9pnfOei3mp0u-dNrjwqQA,167,1.0465390556038139,0.10804117023000359,0.5209580838323353
kPM8xbnb0xm83-wWR0VP3bx_-pc7sS3ZxQBNahOoiHpWZ_cKf39dcM4JZlB9Qg-ifUHE0T60ZQLBBQ,129,0.9670517904260933,0.09460836405818145,0.4806201550387597
kU9wwZluCyJ1vIAIjnaUImqy5TzaxWvh4Ltg6Vnd8HfUbHT9k76t9BNcRj9uxVGVkn_qUHD36MsYYw,153,1.039459119982218,0.10995749780766172,0.5555555555555556
kW2m6J9I3MQNNjcOwrS8PtlD29y_5IRMfs9IsPuHcVOhvRK-2Jw2_T8ar-iOl9AFCr_Ms60x9dZ5kA,87,1.0057425120411352,0.11251546570576391,0.5517241379310345
kWtNX2ygblQjKUwgCRcMmJt2uemUgwfkDXstpBLlUXntuFafeuxvWu3Izy3XjG9QyOBK4OxZLmYZyg,253,0.989946231345794,0.09987075453563873,0.5098814229249012
k_yEgzw-gICy2apMKycUtqbntrB0a86rKcjHmoEiuwZ1wsP0kiRDk9nOlgcuwCNJ8JyTSltf_pIoFw,43,1.0021514001602314,0.10172949076848832,0.5348837209302325
kcn3vFGeHX3DE-soSp5IQdHsAQZ-s_sNPNMSh-GUuCr80Fl568cx_gSqWJ2FeRXxpKprhjiLUcTViA,95,1.0265103661374202,0.10681374404690491,0.49473684210526314
kjJVM1hgkkVr9eSrm5_DJQiEgo6PB-Q-zu6F8E640-UA0c-p0DrwidUjprDVRO-V8fNpdF5SFeF9Rg,32,0.9927248584828811,0.09708433112123901,0.5625
koasl7wnS-PjVfxU8MDkXhpgzVADsP3cDpHAbUM6hL5XFFkUiYxfftN-iuelNjgxLebgJRge5N9ZZw,201,1.0540944233318492,0.11316871162901454,0.4925373134328358
kt-51MBdjSYCeQvL1o4xwj1P3u_l76EKyBCrbiOpuvKfM0NYvC6sO-qPTaUPPRfCYBuGmyLzjQ6BbQ,89,1.0033914940798596,0.09422873630522079,0.550561797752809
kto-nUpd6AJiA6zOpFMt-k2yj61rr8dnul-MJ0KpBi2798PnlGaQ3ab729z13-fhqteKDNbIckVTbQ,44,1.0235486853394828,0.1203390080886232,0.4772727272727273
l5-6_sK3NBzOFFDhoCOz4f60h40u8uhoF8_4EI1AMMRMtgwBUdZpiZybkBqISQpInx4yAO8rrb98qQ,85,1.0171222517959424,0.11486543801553674,0.5294117647058824
l8zCfPZXSxLhSvY_5qa83ADS2nkhHd_R7qI8vrc1NkLLQ3jn11YTMUKgrcuC0hMi8lUM7rRjHPHcog,124,1.0173461859765376,0.09666319077883499,0.5080645161290323
lG9kD0GxYXvIOxa3Nl_F90TafauS01IlP3Z-QO4zOifj4TLh23seN77PcaiqrYvFdN56W5NNjuqPGA,54,1.0006240158165223,0.09323414866559598,0.2962962962962963
lWNrxM_hybrzW7ZEcQ4f-7isTOSgDA4UYFTd_nFuEYqjUgcrJoNm3i5h0E6X162XZarpm3aWTLfqIg,47,1.023546467742482,0.11587589928927383,0.40425531914893614
llTqRG2dXRMkbJzWG_56mW20ae_CbJ7DFWt3olbvYr9VjXfEmPIoON_B32rJfZnDv6slgyHhmsuCvg,44,1.014053853400587,0.0854121566121501,0.5
lo8TGOlVrYpAS5bDbBs4EQke5aLuvrxD9dz7pAORw7vwe4_r-dsrvX5UNt-hh5dunOegAnT9A5riwA,60,1.045268714720198,0.09797404969515318,0.5333333333333333
ltuQOiBNvClmzu_WdLShzPeapYNCdRWhhISf5NSvtVUDyVGwDYypdFfJFx6s6XdjhZiC2NFi5OX3ng,30,1.042145565626163,0.10532974839834094,0.7
lzXAUGcPkHXtpt8ESwzLeVMV6ea-YfhCdmlFlnxas6IbRka1bnq1ftEIoHGboM_NJqJT1y56EPjeQw,158,1.0325504945599604,0.10552877677197302,0.5506329113924051
m64Qb2nyMZiMclicZAKlJ-V2K0wNWXdOjsnA71iowqC6RzEbVYUa9vIaZ3AI1bUvTfwZOziVjYvWjQ,64,0.9269749464293423,0.09569587876432058,0.453125
mQuImkcIqnhfpNpEAajRvabIN1rBvLnzBb-VVBjd2yiVSkY6byV32q5_en9N6LgZ23HvoNg42CFMdg,148,1.0092694544774536,0.09621744283963823,0.4391891891891892
mTf6K2nmOJOwxA-xF0U3q5IG259c-Q2nG5Jfk0Xfmok4ih95PPdzI5Iqh00d8I8GIQyAkqgCBOQ8Ug,54,0.9575891803608211,0.10808974564688138,0.48148148148148145
mWzAyvWGzTkqmaC8XnnMhuUmRGAmcV65fRdIQOZqhNbSzJmZI7iT-LmYNZgUOlcnXv_A9lM9WmX8zQ,45,1.019641291825689,0.12559999441350123,0.4666666666666667
meQAVc1DroblICYD6piFM3lm_U5w9FEz9yAcTP_2PpVOaVR_2tEedc1r4dusGt-A26xDWYWvwC9ctA,122,1.0361824342937167,0.11876838200385628,0.5409836065573771
mfBTWz8hcGQRwh3jlqGJE22ByHv3ptgdJc-HM275pp7CG3J-XwVQ_0MP-U4DoPlkOErmbLsp6jEBEw,31,1.099768259555275,0.11927579930735832,0.5806451612903226
mhgdwQjcvN0IzkzhhhQTSMS7xNwFFupwC3E-VzofiMMv573i3RLUM7nDdxkY_AV5mjILI3l-3IpntA,67,0.9820746637897229,0.09429856100960325,0.5074626865671642
mlm0JtHe6_GkM_q_8zaeoV_JvpSSJFcst4eLsdEKplI7F-XDyQC0Ii1OmA4OPIFIe5SyLg1nGWtLoQ,305,1.019333330631817,0.10222385841398854,0.5245901639344263
mnAd6qBHDgx04YExCQtXoSsV6blE_9GlaYWHJ73NMt7myYuZ-mJHn_90fh-b-oKKau3gBh22TNbHxw,241,1.042871720056307,0.10947019091877715,0.5269709543568465
movLc_CIAlAPLKy64GHbbu0fNwWlQ9E6yCH3Bn4S5TqbxSjrVT7bkSLMMdGm6DLfWAbYYkGITMXXUg,189,1.0021227136537052,0.09272467954686522,0.5343915343915344
n7AIDl9Yc4wOwcr41Ic6xoDzIBchVvxJPpK8iX8G4DyyNuFpcDPn-fKX5Cok3UDzsoRmu4orPKWqTA,60,0.9915196949043211,0.09438341812101697,0.55
nBLibpOvWJYrDhTiNo6wfeuugp1tO0hl9xVa4yIViwgRoWGfvdop6ne4NCkziYvdypDfE81lhRfNQQ,40,0.9982402599905686,0.11133664439813226,0.6
nO1UVYCbtCd33aBKsVx0Ir4Zk8H2Hepip-DWoGxN6Qx0ewtmfUOnswKVkI9BMHNfOSpVvjS9kJzAYg,205,1.0497555533700773,0.10581499357393961,0.5463414634146342
no_9ty6RQCad0IergF1whKIPuDOuZYhEMxVt4D8L4eAF1gDC0e1Iqs0lTLaYvZhzrtPVJKtzP8afNw,31,0.9958057707940805,0.0958450202849718,0.41935483870967744
o4TRPAsvvEWcenyoZZQdwrz5IB58piuPMEKfgFo8g574EEvpZKyOV-s6NxPpIP5PWHeFC-jvGBwSig,54,0.9605267664758893,0.09250743503573636,0.5
o7ENRH44BqGPjtmZN6Fs8w8i0t9UBeSfXz8g4Srfb4wlHZYilwc-eCDgg_1ZmD7EhmDSmJSkXtnshg,30,1.0129511387373167,0.12392110906793986,0.5666666666666667
oA_v2opZljNbRfum_58ywH_djrWcwe7vEa2DkHiDRQDWCEvL9aQVapstQJgmt5aDuDQBOL7O68Iw6w,44,1.026428654517752,0.11563513559594374,0.4772727272727273
oHtjBx8SuRnTyYFGaTY02_aOBc_ERjJFgesJm0qh3IuiXkzFZsNLlctEniuhyROhno3keJ5W3Axe4Q,82,1.0032568179702683,0.10210257152416771,0.5365853658536586
oU1pPzM-NIb1fkfUmzpBdi9AgViv_9iBFmiZ9RJ0pUGPFrd5tmv_W-8qCSKJ2tjd-vgSwZxVBTeuRQ,153,1.0526956820404267,0.11203585099437918,0.6601307189542484
oe5eCqbLuAh0OTEDvQx1pcY-OyBub4Xo4IT4NEtZ-H4ia5he8j-_3CpXtIcFOzdZn5k2JD0fYBbSUQ,41,1.0230642332643816,0.11675323548786244,0.5365853658536586
ok2MCz4HtluzZ85RbruPE34a35NxWovIeJe_wXiXE2FG5yXGUEK3rlYu-KYqBr8B6MWP2VqOsrf6lQ,67,1.0523509221452094,0.107313320228119,0.5970149253731343
olX7ISyiSLC-LT0SDF_Uwgjz8YtfItbmeo_0Bn4c7ckQWmT8HjeB1KWUdTeqK9TGE6pkC4oH9y_sqg,117,1.0553712380949614,0.1137005482764763,0.5470085470085471
p3pag1703fXZHCAeVW5ozxdCbF2222GfpaWyEBwFQ3eGUIreW0gmQG6aukSX4UbnTdHqXRpq4KFFsQ,62,1.019650326325287,0.10332873123689976,0.6290322580645161
p4CMPcnCFzX-msQY_iJ-VwsvmETfSg3M6F6xvtaoMTZv7rOwEJSiC8DvSjhqxiSCIKQL-9v9Lh9siw,41,1.170206263903289,0.10626532199862439,0.6097560975609756
p4qWShNC3RnI073l3N4heLAQpz4DbXcFrzGFHjyWBhUKt4PSfDQpgCKnzKn4O-qPE0nn9RAI0AT77A,116,1.0150938600869555,0.10485329296008837,0.47413793103448276
p8cxPtDKnLGrEpOZUbQVwxz-2HMMZIyYvlkLClJ0b4zBXM3PLfWYpdaKV-5DBJJP6PrH2UsyvPqPGg,47,1.0068627550036844,0.10575213017800171,0.6382978723404256
pQL11NuSBlt2bhJhplWw0KuMl4ggwkOYpQk0P9ljn5k1rU4y4vedv0eIg3bQGzZbwHxD9oT3qiq9pA,38,0.9501378874148244,0.0769119013532458,0.6578947368421053
pU3GBVBwARTGAKliDP6IXprCm5sA6Z1wxmbnkIri6YjLsle7u0QXln-UbceJOkmWfPzwvvznNH6tbA,54,0.9741816350111178,0.09952868194588722,0.46296296296296297
pcIKDh03GMkspPU58fNcUgkDYvc4Xils9S2EvNmjoChhUc5iXednfGSpAX_rvc7pYyj6lvEE9k7Nyw,31,1.0403220321463997,0.11593974986923032,0.5806451612903226
pgDUYW1E3kg6R3TN11UZf0lRZHXpaVkhbDXKguoymalTaP04qefa6BzrgBbFoDjJcQ2iq-pZKIV9ZQ,47,1.0033846128263995,0.12053222407506237,0.48936170212765956
pzRzcTIEpMeIGT87oyK5ZuGHftuM1OxZBiWeIJrqTQbCs3KOfyS3OJa6vKbYP2YDE21Gu3Xo9WuKaQ,57,0.9674671289447185,0.09320716122403425,0.38596491228070173
q6YAhwBHbGHWRvO6bUXS-eII3FrEZi-NQG2e89xUy1gSEJTQzu03S67ox2MffL8cUxTAzXE-p87NGg,36,0.9613218007461712,0.10030040774734014,0.4722222222222222
qDtHds-4bEYmINTXKCIlJFlHlrX8kwnkHnNqplMUzzD9QLBzo9yeTyka5xZesrw33KhPODW-6M2cAw,150,1.0122083681731056,0.09342111069663908,0.47333333333333333
qW3celjVXx1kv5la0BhvUJu9PqgA2M8fJd39NfMwYq3-Do3HQyjGv_YPMvMsQ4DZbT_1FnX3Kv-x1A,51,1.004522162346562,0.09456778081091502,0.5686274509803921
qXZpQdb0HvRe_6ERq1W0THtzc03hguINIorO0rAexLGUd72Ma33l3zt5CEn5YEXSGUIojaYePjQKIA,74,1.0320877667507857,0.11891637779247777,0.5945945945945946
qgoAKOLsdcmLwS3ZhdDm0gzf2r5E4lyspwRjD4xIxE7dFgvVLBPDT60qLuNtNFaswrZV_AUCQFPYww,40,0.994984040593109,0.12492024516631514,0.5
qouAjYPEyAzgIp0T19DJxl-gPpU2fvtV756mpILrqD0rrss4P9zSsHdSDQjRWeyP9lNU1OGmKkb9TQ,33,1.0804665711853387,0.0945250233752278,0.6060606060606061
qpwXxmjsok_i0BjpOeZ5JY3nEBxbFeDIkr2b4SgfyKZBiwjiL32JE3DE37sdc8-1WP0uK8lb1egIzg,48,0.9845546497671102,0.09390600596114868,0.5833333333333334
quiT9jj9-qN5ZjcNjuTQvu15G1QiMKoHh0E4tvm6fLGEPfLmwV1sUpiCBQ6suGfb-CjCBKiqoKOQCw,97,0.9992684405857764,0.11684595638423056,0.44329896907216493
qw6mdNweII2S4nLvVQqrBSRbEF9rSZQM-grRzI7Tpg-QVmSX6zFsWlaEZYT4mtYgAO0c3XP1wSX_KA,49,0.9917004276286139,0.09687585979363879,0.46938775510204084
rAuhIugyDgG9c3KR5iiIjzCGi4r8HvUFDQoAvM5M6jG7Aoz38ALS3BeUWfWYCIyGKHVoCqkgi-JIdw,32,0.9859144058376481,0.11942561775231324,0.6875
rDbrDF5W5Jq3GZYhy3WS3mjW68vJf9hi-pu-sM4FzILpn3y8bq8laZKbMfK7lBgZtad_GfkWaccw4w,62,1.0267933149918687,0.08934115058382522,0.532258064516129
rQWMkZ5AizWYF0Hot4JU8q9HEbEtkykUln7W2zP9sODqDxAfM7GrkBB6mvpMtc6hl718qi_TAe_haA,161,1.0582360177249412,0.11647803229664956,0.5279503105590062
s0YiRhEq5gifzpUIpL4hdZdp-X1njkcGpC11OTs3-J-K3WGBLUUajqHk5y_9IWt1XAVxPRlMaU73yg,47,1.0491639258813246,0.13181027833081174,0.5531914893617021
sC__E7ZIpUrYH6jCPbldayLgUBA4xS35ynVlOVkVjxsNtyPjpizFE_pzMKc7DEGw-Xlwmv3CRFj3Uw,61,1.0058040090874087,0.1073526004667069,0.5245901639344263
sJZ4QUwc1RCloS0Bh_kqoqGJlStyaCjOplyuQw98MhUd2Ep1YyKOgm9YCZ_5t-8q9-9SMSwp23SCYA,52,1.0150825291834242,0.08404395140495237,0.4807692307692308
sKmFvqlFQ7bXdpZhxWZbeE8ZncCx3oriZHmNzd4ZlPrvwsbmPFwKW4IqnlS7MlUdVx_kVPn6EoKcdg,31,0.9851934371544341,0.08812073612000122,0.6774193548387096
sPzen0qbUTXRPmRMfgljOa5fQcUMfm_N2G5tkR-JibKb6WnvDAISHssjWL81XLNOuKrXeOJSQlMjDQ,307,0.9887373616377325,0.10782333660309351,0.5211726384364821
sb6k7M3EFNMh_mU3Y9khspqnjRKtpjueacenfNDTVogF-alZ_xGWcvbCbMQHwBKZaPLLq9Y-gDhScA,55,0.9740143621553461,0.11540080200749354,0.6909090909090909
scABA73Q1Ulkz-clRicFSW6h-Z365hhKZnIXQo54xIIbdpCWNr14-MRSXIHtaS0FaZ65nTdKjPTN8Q,102,1.023198678111558,0.12747522023159705,0.46078431372549017
semJ33ZJxkKZPTXKC5S-SuhBKC6mKrvBgbS43ljG2FAMKn1sBDaHv5FxOPTDeRx_OEtDVX4WDI4IoA,81,0.9371737695868179,0.0855710534990365,0.5185185185185185
sm-aLCExnR4TZ2IncrOBC-ez4SWqIwOVdVwKm-BybnVRL5GTg8r2caQfkwmvBeMHxxBzWSvg7T6Fpg,74,1.005661247428288,0.10572305763241947,0.5135135135135135
snDGSv-0XrN6O20YqiZts3hyEEJtXJGZ6zsLS4siQ9_Xt5pMYA8pjzs3ai1-VHHzQtEsCGSMcBV2Jg,88,0.9984120227060814,0.11219473556695901,0.4431818181818182
svoSA5_6K6jNQXtqudrqzZe0JkkIq9b_YiiGyLc1ujwTisG8kyVHEzjlJFvMF7tRqtjnxFt3bb0HtQ,101,1.034433708398432,0.11012126600802176,0.5445544554455446
swKp-68vUWEAHHCwSV2S6rttY_j7IU0HmEyGP2vmfJ4UPxvh5n8NbmEUnq93VSQlgVAVkgGgDagVPQ,33,1.0181623544917988,0.10839579658924754,0.6363636363636364
tLDTaYr8ttjx3CUpCTp8Mm1Wwni4vIk11qNiE6o7-wnxlMSbCZbtOYLwIuvFFYiLTGo0xTTpzaCxxg,43,0.9671708808635445,0.09645385937639302,0.5813953488372093
tXFfrGlPQnzpZ85SBazp6UNcD1BHdp_gSVrFqb9B58MQnd6Y6mDEXcubdJlkm7QCJNtGbxFC1KZiow,42,1.012852680230799,0.11890896721711013,0.5714285714285714
toMYuMeN1Cx-aFjSU4xaZZXhNNqL4xUWjLoZip3wiTL-AO2qqEWM6lyZNzz0p3Y4-a6zRx2m0AkmFQ,85,1.0093425083995122,0.1033339553112674,0.4
tuNSxe4fqfFgcrwo1my1cSc7l3eL4uudPpeiUk3DfvAOB66V3P7c8oc01qbk-UDM1egOaS2SsRVDlA,37,0.9544159871223689,0.10440548072434382,0.5135135135135135
tyNtASKk8AXHcPXm3ohXSIXtTgjcVe2DC-7GVp7nBfbLFluIlEtA5GViN5MBTAvBl6ZBBHJgjeCs6g,53,0.9984607688775564,0.09350659290470784,0.5471698113207547
tygnpUL3TQNdJB0G3SNFe2zEJONiJ9O_N_wJUx0w7q_wDBjQGwcIcimUs9aLnLCLN2qSreuhDKJ4Bg,31,1.0299422804063254,0.11975016900994141,0.3548387096774194
u49zUYvlsR99XoZulabipY1var1sOCWqW-_xvQkNu7DUXehGxXT6y-Xgo9FP_7wJqkpZwD06OufkVA,53,1.0389492725795075,0.13855943681181473,0.5849056603773585
uHShjC909KfqFmJOew0oMSR_pHB4KTS3tY0wvQkdUcImDbCu9Au-PmwNlMXbTxJHt55K1U8suK9U0w,73,0.9525545126941374,0.10098715047355233,0.4657534246575342
uPJXh6hYhott6DBlq8_adiMPCZq1pbhgM9jxMTRZiamHcxHUDs-4grrRNbUt6QU0cvHheEujvZqNKw,42,0.9781419779532505,0.08763241490547946,0.4523809523809524
uS-Ks5VMnCZUWtfT249wLPe1ktH2WM_bq5tZeuohEp9NobeESdrgRC67tfBAIsEksjivR0dVFFx8lQ,45,0.9803592671291077,0.11038602155401878,0.4888888888888889
u_Jf_pMIwb1vhE5dU7AcK3xCrIcwgAygGNdQzoYxYoAiuU6Qlo_St9hGWyFhRguGSMUKpJaEgDvvqA,73,1.0522829423350546,0.11711059825692732,0.4931506849315068
ufzocU-R3CZJwJfVkszwQ6m9DlUHIxjOjOh9SlajNvFYCa90tWEGmRy7oUYWywo0x9NNc8fX14_gLw,114,0.9876132191048983,0.09758754758529645,0.6228070175438597
umX1zpxnR9q9fk2gxLgV_vHH6vWeDT9DwvaNuEU_T4v50rd6F8AH49eB1UhM-SJI2Yb35fDpJVSmNg,79,0.9982362977658213,0.08805078262990533,0.46835443037974683
upVBQld9gxm3xjKjDDUl2EgmZVPohjnTgtoWKHGDzclUUmTaazxs8SbwuLr4E2fiZyRjFye1iZNJ4A,53,1.006236098209469,0.12309513797923637,0.37735849056603776
v1xOaVY-fPOWsor9FUURtQFZETQn-tgsFNJYlhqYCSWMt4fhq7zmRvPswsAnuD43_7z-Z-ufO38cTA,274,0.9585732506667737,0.09591036498082038,0.4927007299270073
v2dt2l9p7SCMTX5UL8EYZ4PkUQzqSFvV5o0j_uhhU5tFEmRmBPkQh-BaNGDH39ViTSFZhl2FJv28PA,49,0.9978332746048733,0.10027656937833053,0.5306122448979592
v4h7UG-PEMoL004U7hSlqBZ1xPduGO5shuMyIuD9MlNkISUJNeC0PQzfCAPUgYRtLrx9ItMWWv4BYQ,42,1.0449980230724716,0.10453653870705747,0.5238095238095238
vGpUK0K91aoXTg4grnqBD4YMaIgFJIa6XafJBMxf4mepkwtezbFml3AT-8GgnEfBIJjfrvyImjPSTQ,95,1.0323323210359414,0.10499474018635467,0.6631578947368421
vJEA8lJLCWLlD5KLX7ENku_V3l_g7mtkfByc5DGQJZ5l2a4IhDu6UlRnxohOfC4TkRQbXBz8mAHlyA,58,0.9625206089281252,0.0962912522620354,0.41379310344827586
vQNfXMUGaZQ70Gdb9U4-S0zAmbwdkIXvB_gLQwo4PV1It6x_yvLc03LRkKciO3VchnUThmMiOgN02g,44,0.9731592834745214,0.10521169587530756,0.5681818181818182
vdLzyyn8BngjxTInDlFEIwIqSedrq4yX0hRI_4OayyukT6Z9byXsMADGiXfaWlzbCidqtHbxK4RRQg,42,0.9891711938287596,0.13352911506002518,0.38095238095238093
vjAqQp1xZjuH5hmlAvaL6hCPYsJsWiJwESSlXR63qaByvTzjg_IJniAHVEm0egyJCOGy24aiUvuKjg,51,1.015568616966393,0.10283362274864939,0.49019607843137253
vvIZo9JYovUHCLtf7CbSZzSrqy13XH-xh63sPYBbtrQxp2vN9qhuk6BFqZNX5vKSmE-PKj04G0hglw,63,0.9348099900243239,0.11580747392591781,0.5873015873015873
vw1E7LYCdjEMawJTG2IZWO-zoihaM4xoWtYDzM_so9jXU4rDovLibiaNRyyGGxorQDUGpgE1HBhZtw,35,1.0107267972814664,0.11712797820791615,0.42857142857142855
w5B2xPn944UYbM2A4JzPq_hqqQVPjPnKPGJoxml5k1wTwyNJYBm2w2BOVQzg6L22EtPnK6OyTK0eaA,356,1.0355034608098679,0.10892386662601616,0.5393258426966292
w5cg43HoMwWBBnOkhwn_KkDVH9JIAhrK_Vrii_SU0f_4omsxIW42uKop2Lob08TCS1PvHHMX30qU1g,178,1.0049549457397842,0.11127513087293175,0.5393258426966292
w9vDBnJI5zhof0fOzkg0L2ysfgqn0G7ZLaw6qMj309WDqhJbY_aTM1QgzKXBuN5351OD4qfZPKKYWA,43,0.9872419824839745,0.09663719942651632,0.37209302325581395
wDoXG6D-EiQHZsnLLnNXXxw0yAHwb6_fEFJmKHSNQkX3JNPQwQW5cER7XOu5Uh9A3jG74FOyoHACaQ,70,1.0133452438836685,0.10353426795257153,0.45714285714285713
wMugmjtRo-lsGs6hldk63VreqJbLyImZV4GQwP9uY3u3odzpLiwrUoSLQZuzIRRvxvPIXnrtTghqRQ,60,1.013542166743407,0.12170724665135957,0.48333333333333334
wO5MehWIh-31xVN7j8sOCTY74LmmzzyedM-jSqigDqMwqeYMaCmd5nyfRYataxMawdH6obBa3NmO1g,33,1.049798269620198,0.09800444775431102,0.5454545454545454
wTYNerp3ayJ0IHy4DvmE4anSUdy5OeE-0FOuqj-LRuERfNkepeyTCE8EwqrZamaJtAEfhDHUtVXoBg,437,0.9233891465646592,0.08953202690955217,0.4805491990846682
wn-Y1K32_NkI3pU8930tSSHEsTBqUctON4l5owh7kjzg2QBtmI6Kr3choF9gobpHi0iqQGJjteOy3A,259,1.0392914724772484,0.11114542787632417,0.5135135135135135
wuicHM_pSRIMSaJl7yMg-a59T2w4TEQ6wQcoSgHhywlKN8e2KAIV2FXIv_4wzYDOL2VYa9V0alDzpg,151,0.9991742357109482,0.09212695093047137,0.5364238410596026
wySJxalkTyZSfx2rYncpZ9uhVSG8mO10Xp3yv85_YjFNfGtWHIZ9N0rTMoe5nHQLae1Kwmy3_yKzuA,265,1.0551491239736346,0.11507883331464426,0.4867924528301887
wyyftsgV7NwWSFbuKytF0zJrz_AuJ7580lkahIm-ZzGW28basBEsDav15wnQii3aKt39vgpvDyjN5g,47,0.9995269359387484,0.12568913768284296,0.5957446808510638
x9rHvFuYWtev9piaEGZ0k10nknwRXYgHRxH2P8GZkno1Gi6_S3GgeNiq4bokOzrNic9hZfOXsnfXjA,34,1.0275522154427774,0.13660348783688478,0.5294117647058824
xB-a9PvFmxU_vdqvfbBy5PzgGD3FY1tsz9ZnqJXE_UG1eVZWdPngxxRhs_PKdrKhPyLAvaWgx2dnBQ,180,1.0612787936042813,0.12031329562569328,0.5277777777777778
xDFFhYOduOpaTyZ9VBszwiAdvVNim33nwn0mM3hh0DOG-A06SdIV5J_4eEj8OeF28Z1XJk-Lr0BsFA,82,1.0001216778186472,0.10748943675607617,0.5121951219512195
xNWix_PWXYrjrSIQwoRlLeYyekW140nGjn5_JGQAlmVoCmF4hieqZnd9UBTcrelkRhMwBBocDshMSQ,306,1.0401080892145698,0.11080857588403467,0.5228758169934641
xSTMyQ8dMh0KJSqfW5m2R2T5rLKwbIbdDPrbErukzd32snuGKVl8ZUBHEfZzf9h_23zSNYuX53TkGw,33,0.938175978787304,0.07069556654935957,0.5757575757575758
xTnhmCdoDHsTlzC6iYQIeEKPXR5DGCZY-yNxSK-7Il-gEEOY4v2IhFH31RuniLAJ9oisPqzvSCXobQ,61,1.0557332488681561,0.13144462817895933,0.4918032786885246
xqhQ6CKhrH_bTOTl_1YGHR7NgjM1Vka4SgmJMlFj9alUJ-gnHu6Gpb_OCzIK8VKyah9Q4HUZXf9NTQ,51,0.9985379014244995,0.10299450352734464,0.47058823529411764
y3c2hPCYShS9csLsUBYhNV8LUrDW76-22edOng-HmmpiZDzB_6-xvRsRI70j7AXfO8BmcJRmkPYdgA,186,1.0228385016932695,0.09891337031438223,0.5591397849462365
y4iZeSB7gd8wpBr4hBvP7xVBzBUpQPEQhRslY4fbvScrEnXlSOeVEdRUJqnuEJRoQKsIrPy5hgr-pg,37,1.034137982932779,0.10593348025091077,0.43243243243243246
yGrbzwT0U55q8EgDMBk_zvle7ALYh-ToZGlAv1S1e_aMfHCc29BsLvjyBAH2WgUuqT79-LW02MeArw,69,0.9606311832253013,0.10068796459347168,0.4782608695652174
ySWBsBjF4sEAsvCyigQRb6c4aWzbgEMFeaJqlcRO1vgYHb7fRHR2zbm4zO--DyPdDvYRUAeuhY3LFA,35,1.0494242397740114,0.11752775339745389,0.37142857142857144
yTMWP5NPo0BV1Tq424ubUgTSxxXH5kkpfmojhc31C6UML08i8kHIniSuhmzGUxEUL5CL2-wU-10ghw,43,0.9471160549939371,0.07356385756076798,0.3488372093023256
yY4BmMZC2YX7HAGQH5CkPg8N1HNkgmQQ8T0oZujfJE8Vi3GFoOZrezfu3YtMpZNcmE8Ti_Ap0c5lAA,52,0.9948213240106766,0.11080590738191778,0.40384615384615385
yYGfXfbdGy7b8JAUPHPBSi0o9PL8-uGmPp71dBKkQKPsjNxan186L9h-tuZj1mpaWG57VYp6ufhsbA,50,1.0184371627190993,0.11643035138991688,0.44
yks7d6lFDuqhxy2pfJDriSzGM8id7_7O2RXk7JkBZmMLJJRnAprPFv5Kwh3MafGZAZXW31_9lQB0Tg,120,1.0258087673390768,0.10226601381136616,0.6583333333333333
ynodGuRyk9qyqjfjk8XlL8nluWQmUOB4DLo-tGDWxG0383XPBT8Otd5dImyIcAqzlWBPSluKNS7E5A,83,1.009774506019972,0.11675059122920416,0.4939759036144578
yslFehRqoBWhAPY_y1br503t4-97jaVI4ro-VmLlOz4K60BhAOF9kGMDn-P52rgIP88t2vSCUdCwkA,49,1.01671386214176,0.12586396020377055,0.4489795918367347
z6GTsMQYqrBXp_OBqhrMZwZM-0MDW4FZiwXg6Z_--Fzx76aQFaycSJpuJax2hnQsFyyd1d7i4E9S6w,156,0.9940416758319001,0.11485589743077673,0.532051282051282
z7gBQDhFWH6P3Qylz2es_9rfaLELgIBCmDBzVMRDg3OcLXLUtu8IbD3cA-MoW099GjRncAp9joT4vQ,185,1.0014397147621261,0.11106370967485155,0.4756756756756757
zMBiHs0VR4ipu5Gjapdy3iGt-RIpIgCi_0HL8ayQxqdVErIIlTNKjOib8p0zVwk-ulz6sWXpmOxqiA,55,0.9863574009590345,0.10530599133204811,0.4909090909090909
zRAe3foXUYzFI6BZkYYSF6VzpgUqxtzWmTYLyvK8aQZlji7IFDEVR-upmMOo4kr9RNwY_lkzwKG3XQ,34,1.016894168164252,0.12660961403309817,0.5294117647058824
